,Date,Open,High,Low,Close,Adj Close,Volume,Dividends,Stock Splits,3day_before_change
0,2020-09-04,51.94,52.48,42.61,49.22,49.22,7285200,0,0,0.844688518963446
1,2020-09-03,55.99,56.13,50.04,51.15,51.15,4772900,0,0,
2,2020-09-02,58.92,59.0,54.68,57.08,57.08,3547300,0,0,
3,2020-09-01,56.3,58.47,55.13,58.27,58.27,3501100,0,0,1.0497207710322465
4,2020-08-31,55.41,56.97,54.82,56.56,56.56,4038000,0,0,
5,2020-08-28,52.67,55.79,51.67,55.51,55.51,3896100,0,0,1.0929316794644615
6,2020-08-27,50.41,52.78,50.41,52.1,52.1,3446300,0,0,
7,2020-08-26,51.3,51.65,49.42,50.03,50.03,2815100,0,0,
8,2020-08-25,51.35,51.87,49.73,50.79,50.79,3664900,0,0,1.053078996475223
9,2020-08-24,48.8,51.2,48.18,51.0,51.0,4435800,0,0,
10,2020-08-21,46.27,48.49,46.02,48.23,48.23,3006600,0,0,1.0414597279205353
11,2020-08-20,47.2,47.81,45.86,45.99,45.99,2536400,0,0,
12,2020-08-19,46.48,49.1,46.35,48.14,48.14,5098200,0,0,
13,2020-08-18,47.84,48.12,44.65,46.31,46.31,3594500,0,0,1.014902476440938
14,2020-08-17,46.19,49.42,46.18,47.73,47.73,3106700,0,0,
15,2020-08-14,46.35,47.85,44.94,45.63,45.63,2502500,0,0,1.0769412320037763
16,2020-08-13,45.17,47.36,44.63,46.73,46.73,3074200,0,0,
17,2020-08-12,43.04,45.79,42.56,44.94,44.94,3710600,0,0,
18,2020-08-11,47.75,47.85,41.92,42.37,42.37,5289400,0,0,0.9210869565217391
19,2020-08-10,45.39,48.06,45.31,47.28,47.28,4000300,0,0,
20,2020-08-07,46.27,48.17,44.42,46.0,46.0,3672900,0,0,1.056499770326137
21,2020-08-06,46.4,48.3,45.12,46.53,46.53,4580100,0,0,
22,2020-08-05,43.0,46.68,41.16,46.4,46.4,6911800,0,0,
23,2020-08-04,40.1,43.55,39.29,43.54,43.54,5330300,0,0,1.1866993731261926
24,2020-08-03,37.18,40.1,36.18,39.78,39.78,4222700,0,0,
25,2020-07-31,36.54,37.41,35.79,36.69,36.69,20112500,0,0,0.9068215521502718
26,2020-07-30,37.51,38.19,36.3,36.67,36.67,4446300,0,0,
27,2020-07-29,39.06,39.2,35.94,36.6,36.6,9539600,0,0,
28,2020-07-28,41.99,41.99,39.51,40.46,40.46,4317100,0,0,0.9870700170773359
29,2020-07-27,41.44,43.18,41.17,42.5,42.5,4049900,0,0,
30,2020-07-24,42.0,42.0,38.74,40.99,40.99,5182800,0,0,1.0515649050795282
31,2020-07-23,40.74,42.8,40.24,42.46,42.46,6324500,0,0,
32,2020-07-22,39.43,41.15,38.65,40.35,40.35,5334700,0,0,
33,2020-07-21,38.92,39.82,37.9,38.98,38.98,4761400,0,0,1.058951371909807
34,2020-07-20,36.65,39.83,36.48,38.4,38.4,6143000,0,0,
35,2020-07-17,36.8,37.09,34.89,36.81,36.81,5934100,0,0,1.0896980461811723
36,2020-07-16,35.68,37.46,34.88,36.65,36.65,7122700,0,0,
37,2020-07-15,34.7,36.22,34.18,35.81,35.81,8054900,0,0,
38,2020-07-14,29.2,34.31,28.29,33.78,33.78,9602400,0,0,1.1692627206645898
39,2020-07-13,29.23,33.27,29.23,30.09,30.09,11160800,0,0,
40,2020-07-10,27.28,28.91,27.15,28.89,28.89,3419900,0,0,1.103935804356133
41,2020-07-09,28.09,28.22,26.38,27.83,27.83,6301600,0,0,
42,2020-07-08,26.76,28.4,26.21,28.27,28.27,9887400,0,0,
43,2020-07-07,23.95,27.59,23.46,26.17,26.17,19802800,0,0,1.3085
44,2020-07-06,20.61,21.69,20.53,21.34,21.34,1916900,0,0,
45,2020-07-02,20.0,20.56,19.89,20.0,20.0,1720600,0,0,1.0245901639344261
46,2020-07-01,19.72,20.12,19.53,19.84,19.84,1148300,0,0,
47,2020-06-30,19.41,19.84,19.19,19.72,19.72,1416300,0,0,
48,2020-06-29,18.83,19.6,18.47,19.52,19.52,1197200,0,0,1.0505920344456405
49,2020-06-26,19.78,19.8,18.43,18.58,18.58,2316000,0,0,0.9412360688956434
50,2020-06-25,19.53,20.05,19.39,19.88,19.88,1177000,0,0,
51,2020-06-24,19.5,19.9,18.95,19.72,19.72,1466600,0,0,
52,2020-06-23,20.27,20.38,19.7,19.74,19.74,1089700,0,0,0.9919597989949749
53,2020-06-22,19.94,20.09,19.69,19.97,19.97,1151800,0,0,
54,2020-06-19,19.97,20.67,19.76,19.9,19.9,2707100,0,0,0.9900497512437809
55,2020-06-18,18.68,20.3,18.67,19.8,19.8,1501000,0,0,
56,2020-06-17,20.16,20.16,19.18,19.29,19.29,1501400,0,0,
57,2020-06-16,19.75,20.38,19.44,20.1,20.1,1985400,0,0,1.1210262130507531
58,2020-06-15,17.55,19.12,17.39,18.99,18.99,1745800,0,0,
59,2020-06-12,17.93,18.26,17.3,17.93,17.93,1071200,0,0,0.9275737196068289
60,2020-06-11,16.9,17.71,16.5,17.17,17.17,1659100,0,0,
61,2020-06-10,19.11,19.22,18.54,18.62,18.62,1024500,0,0,
62,2020-06-09,19.14,19.6,18.67,19.33,19.33,1279400,0,0,1.034242910647405
63,2020-06-08,19.0,19.72,18.73,19.64,19.64,1440200,0,0,
64,2020-06-05,18.78,19.38,18.55,18.69,18.69,1522200,0,0,1.0418060200668897
65,2020-06-04,18.63,18.84,18.03,18.28,18.28,1644700,0,0,
66,2020-06-03,18.24,18.88,17.98,18.6,18.6,1289500,0,0,
67,2020-06-02,17.96,18.12,17.64,17.94,17.94,1605800,0,0,1.0742514970059882
68,2020-06-01,16.6,17.91,16.42,17.67,17.67,1887200,0,0,
69,2020-05-29,16.19,16.8,15.99,16.7,16.7,1249500,0,0,1.0226576852418863
70,2020-05-28,17.0,17.14,16.32,16.43,16.43,1729700,0,0,
71,2020-05-27,16.77,16.92,15.36,16.85,16.85,2280300,0,0,
72,2020-05-26,16.5,16.81,16.19,16.33,16.33,1300500,0,0,1.0296343001261032
73,2020-05-22,16.18,16.24,15.76,15.86,15.86,826200,0,0,1.0225660863958737
74,2020-05-21,15.91,16.26,15.59,16.07,16.07,1605100,0,0,
75,2020-05-20,15.84,16.48,15.72,15.91,15.91,2096900,0,0,
76,2020-05-19,15.0,15.97,14.99,15.51,15.51,2162500,0,0,1.1023454157782515
77,2020-05-18,14.74,15.29,14.63,15.14,15.14,1784200,0,0,
78,2020-05-15,13.89,14.21,13.59,14.07,14.07,1506900,0,0,1.0071581961345741
79,2020-05-14,13.15,13.97,12.65,13.97,13.97,2879500,0,0,
80,2020-05-13,13.79,14.0,13.01,13.54,13.54,2047900,0,0,
81,2020-05-12,14.62,14.8,13.95,13.97,13.97,1407000,0,0,0.9458361543669601
82,2020-05-11,14.57,15.06,14.35,14.56,14.56,2184200,0,0,
83,2020-05-08,14.43,15.35,14.31,14.77,14.77,3356200,0,0,1.1147169811320754
84,2020-05-07,13.97,14.29,13.48,13.81,13.81,2540100,0,0,
85,2020-05-06,13.42,14.0,13.12,13.87,13.87,2256000,0,0,
86,2020-05-05,13.82,13.99,12.93,13.25,13.25,2197000,0,0,1.0223765432098764
87,2020-05-04,12.61,13.54,12.43,13.43,13.43,1667200,0,0,
88,2020-05-01,13.39,13.71,12.6,12.96,12.96,2120100,0,0,0.9466764061358657
89,2020-04-30,14.4,14.76,14.02,14.03,14.03,2195700,0,0,
90,2020-04-29,14.15,14.87,14.03,14.8,14.8,2100800,0,0,
91,2020-04-28,14.0,14.24,13.11,13.69,13.69,1869400,0,0,1.0579598145285936
92,2020-04-27,13.13,13.63,13.1,13.52,13.52,1527700,0,0,
93,2020-04-24,13.2,13.44,12.67,12.94,12.94,1677300,0,0,1.077435470441299
94,2020-04-23,12.75,13.5,12.75,13.11,13.11,2490000,0,0,
95,2020-04-22,12.44,12.81,12.16,12.64,12.64,1694600,0,0,
96,2020-04-21,11.91,12.31,11.76,12.01,12.01,2096400,0,0,1.0117944397641112
97,2020-04-20,11.52,12.99,11.42,12.35,12.35,3303700,0,0,
98,2020-04-17,11.72,11.92,11.34,11.87,11.87,1908200,0,0,0.98424543946932
99,2020-04-16,11.4,11.65,10.84,11.11,11.11,2436300,0,0,
100,2020-04-15,11.49,11.87,11.08,11.46,11.46,2578300,0,0,
101,2020-04-14,11.43,12.13,11.38,12.06,12.06,2213200,0,0,1.0281329923273657
102,2020-04-13,11.62,11.82,11.0,11.1,11.1,1693000,0,0,
103,2020-04-09,12.0,12.64,11.27,11.73,11.73,2662500,0,0,1.1753507014028055
104,2020-04-08,10.83,11.58,10.53,11.47,11.47,2260800,0,0,
105,2020-04-07,11.4,11.79,10.5,10.57,10.57,3078600,0,0,
106,2020-04-06,9.47,10.07,9.39,9.98,9.98,2226700,0,0,1.1276836158192092
107,2020-04-03,9.69,9.93,8.75,8.85,8.85,2264600,0,0,0.8762376237623762
108,2020-04-02,9.4,10.05,8.93,9.8,9.8,2062600,0,0,
109,2020-04-01,9.55,9.69,9.0,9.32,9.32,2179300,0,0,
110,2020-03-31,9.81,10.55,9.51,10.1,10.1,2158300,0,0,0.9882583170254402
111,2020-03-30,10.32,10.48,9.54,9.81,9.81,2054500,0,0,
112,2020-03-27,11.72,11.79,10.12,10.22,10.22,2454800,0,0,0.9157706093189965
113,2020-03-26,12.27,12.94,11.78,12.38,12.38,2514200,0,0,
114,2020-03-25,11.9,13.57,10.8,12.16,12.16,4866500,0,0,
115,2020-03-24,9.77,11.37,9.63,11.16,11.16,3398900,0,0,1.334928229665072
116,2020-03-23,8.43,9.25,7.84,9.02,9.02,3184800,0,0,
117,2020-03-20,9.34,10.02,8.22,8.36,8.36,3934500,0,0,0.8427419354838709
118,2020-03-19,8.8,9.56,8.5,9.11,9.11,3778100,0,0,
119,2020-03-18,9.03,9.32,8.03,8.9,8.9,4295800,0,0,
120,2020-03-17,9.87,10.03,7.84,9.92,9.92,5752500,0,0,0.8857142857142858
121,2020-03-16,9.84,10.72,8.35,9.49,9.49,5122800,0,0,
122,2020-03-13,12.94,13.38,10.25,11.2,11.2,4773100,0,0,0.6698564593301436
123,2020-03-12,13.71,13.75,11.61,11.68,11.68,5513000,0,0,
124,2020-03-11,16.13,16.31,14.21,15.05,15.05,4237900,0,0,
125,2020-03-10,17.81,17.81,15.95,16.72,16.72,3061100,0,0,0.8269040553907022
126,2020-03-09,17.75,18.62,16.38,16.79,16.79,3431200,0,0,
127,2020-03-06,20.68,21.03,19.69,20.22,20.22,2200300,0,0,1.036391594054331
128,2020-03-05,20.32,21.63,20.11,21.3,21.3,2724000,0,0,
129,2020-03-04,19.93,20.89,19.81,20.8,20.8,1862100,0,0,
130,2020-03-03,19.65,20.51,19.21,19.51,19.51,2919900,0,0,1.0087900723888314
131,2020-03-02,19.46,19.56,18.34,19.36,19.36,3354200,0,0,
132,2020-02-28,17.24,19.54,16.25,19.34,19.34,4840200,0,0,0.9298076923076922
133,2020-02-27,20.17,21.06,19.15,20.27,20.27,3946500,0,0,
134,2020-02-26,21.09,21.62,20.27,20.91,20.91,3162400,0,0,
135,2020-02-25,22.76,22.87,20.71,20.8,20.8,3447900,0,0,0.9476082004555809
136,2020-02-24,20.75,22.32,19.25,22.13,22.13,3116100,0,0,
137,2020-02-21,22.25,22.62,21.51,21.95,21.95,4803300,0,0,1.0082682590721175
138,2020-02-20,23.0,23.66,22.63,23.4,23.4,4191800,0,0,
139,2020-02-19,21.42,22.71,21.06,22.48,22.48,4271500,0,0,
140,2020-02-18,21.36,22.38,21.34,21.77,21.77,4906900,0,0,1.0163398692810457
141,2020-02-14,21.21,21.57,20.91,21.42,21.42,2084200,0,0,1.0640834575260807
142,2020-02-13,20.99,21.5,20.73,21.3,21.3,2442100,0,0,
143,2020-02-12,20.41,21.5,20.25,21.3,21.3,3770200,0,0,
144,2020-02-11,20.0,20.62,19.72,20.13,20.13,3072700,0,0,1.062269129287599
145,2020-02-10,18.89,20.0,18.89,19.96,19.96,2357100,0,0,
146,2020-02-07,19.0,19.11,18.82,18.95,18.95,1206100,0,0,1.0383561643835617
147,2020-02-06,19.11,19.43,18.85,19.13,19.13,2274300,0,0,
148,2020-02-05,18.5,19.03,18.36,18.99,18.99,3191000,0,0,
149,2020-02-04,17.86,18.32,17.68,18.25,18.25,3024100,0,0,1.0716382853787434
150,2020-02-03,17.06,17.69,16.95,17.54,17.54,18257600,0,0,
151,2020-01-31,17.24,17.46,16.88,17.03,17.03,3539800,0,0,1.0041273584905661
152,2020-01-30,17.9,17.93,17.33,17.48,17.48,7953100,0,0,
153,2020-01-29,17.08,17.1,16.81,16.95,16.95,878100,0,0,
154,2020-01-28,16.48,16.98,16.31,16.96,16.96,942300,0,0,1.0101250744490768
155,2020-01-27,16.4,16.64,16.2,16.33,16.33,1033800,0,0,
156,2020-01-24,17.07,17.07,16.61,16.79,16.79,1285000,0,0,0.9666090961427748
157,2020-01-23,16.67,17.07,16.39,16.95,16.95,1259200,0,0,
158,2020-01-22,17.51,17.54,16.76,16.85,16.85,1640200,0,0,
159,2020-01-21,17.21,17.52,16.83,17.37,17.37,2041100,0,0,1.011059371362049
160,2020-01-17,16.83,17.47,16.76,17.18,17.18,3455500,0,0,1.1250818598559267
161,2020-01-16,15.71,16.62,15.65,16.6,16.6,3161300,0,0,
162,2020-01-15,15.19,15.32,15.05,15.19,15.19,1167500,0,0,
163,2020-01-14,15.1,15.55,15.06,15.27,15.27,1748100,0,0,1.0241448692152917
164,2020-01-13,14.9,15.27,14.76,15.24,15.24,1512000,0,0,
165,2020-01-10,15.15,15.18,14.8,14.91,14.91,1007700,0,0,1.0142857142857142
166,2020-01-09,14.71,15.19,14.58,15.0,15.0,1530100,0,0,
167,2020-01-08,14.67,14.78,14.46,14.64,14.64,1889800,0,0,
168,2020-01-07,14.37,14.71,14.27,14.7,14.7,966000,0,0,1.022964509394572
169,2020-01-06,14.24,14.42,13.66,14.38,14.38,1456900,0,0,
170,2020-01-03,14.0,14.52,13.77,14.37,14.37,1080500,0,0,1.0405503258508326
171,2020-01-02,13.99,14.19,13.77,14.19,14.19,1144700,0,0,
172,2019-12-31,13.73,13.89,13.59,13.81,13.81,1169300,0,0,0.9752824858757062
173,2019-12-30,14.16,14.39,13.69,13.74,13.74,1541300,0,0,
174,2019-12-27,14.53,14.62,14.09,14.16,14.16,841100,0,0,0.9705277587388622
175,2019-12-26,14.66,14.71,14.4,14.55,14.55,639200,0,0,
176,2019-12-24,14.45,14.66,14.41,14.59,14.59,585000,0,0,1.0153096729297146
177,2019-12-23,14.5,14.52,14.18,14.4,14.4,1327600,0,0,
178,2019-12-20,14.84,14.9,14.26,14.37,14.37,2274000,0,0,1.0055983205038488
179,2019-12-19,14.55,14.87,14.46,14.79,14.79,1869700,0,0,
180,2019-12-18,14.36,14.72,14.26,14.67,14.67,1789100,0,0,
181,2019-12-17,14.35,14.63,14.19,14.29,14.29,2163800,0,0,1.0251076040172167
182,2019-12-16,13.96,14.79,13.94,14.26,14.26,2687500,0,0,
183,2019-12-13,14.03,14.34,13.8,13.94,13.94,2092500,0,0,1.0512820512820513
184,2019-12-12,13.22,14.19,13.2,14.17,14.17,2404900,0,0,
185,2019-12-11,13.28,13.57,13.15,13.19,13.19,1149800,0,0,
186,2019-12-10,13.33,13.39,13.12,13.26,13.26,1603700,0,0,0.973568281938326
187,2019-12-09,13.52,13.74,13.26,13.31,13.31,1394200,0,0,
188,2019-12-06,13.32,13.62,13.26,13.62,13.62,1552800,0,0,1.008142116950407
189,2019-12-05,13.43,13.58,13.2,13.21,13.21,1195000,0,0,
190,2019-12-04,13.67,13.81,13.32,13.35,13.35,1088400,0,0,
191,2019-12-03,13.4,13.55,13.1,13.51,13.51,1269400,0,0,0.9733429394812679
192,2019-12-02,13.89,13.95,13.5,13.55,13.55,937700,0,0,
193,2019-11-29,13.81,14.09,13.8,13.88,13.88,717300,0,0,1.0065264684554025
194,2019-11-27,14.0,14.25,13.91,13.99,13.99,1280400,0,0,
195,2019-11-26,13.74,13.9,13.64,13.79,13.79,1024600,0,0,1.0222386953298739
196,2019-11-25,13.5,13.87,13.47,13.75,13.75,1103500,0,0,
197,2019-11-22,13.47,13.63,13.41,13.49,13.49,1097600,0,0,0.957416607523066
198,2019-11-21,13.49,13.73,13.26,13.42,13.42,1445100,0,0,
199,2019-11-20,14.05,14.05,13.47,13.54,13.54,2815000,0,0,
200,2019-11-19,14.46,14.52,14.02,14.09,14.09,1645400,0,0,0.9578518014955811
201,2019-11-18,14.64,14.71,14.25,14.44,14.44,1761200,0,0,
202,2019-11-15,14.54,14.84,14.31,14.71,14.71,2724900,0,0,1.0158839779005526
203,2019-11-14,13.88,14.48,13.88,14.4,14.4,3313400,0,0,
204,2019-11-13,14.88,14.88,12.9,13.77,13.77,6213200,0,0,
205,2019-11-12,14.44,14.7,14.13,14.48,14.48,2606600,0,0,0.9823609226594301
206,2019-11-11,14.85,15.26,14.3,14.43,14.43,2087200,0,0,
207,2019-11-08,14.76,15.08,14.7,14.74,14.74,1836200,0,0,0.9859531772575252
208,2019-11-07,14.96,15.26,14.73,14.77,14.77,2359000,0,0,
209,2019-11-06,14.93,15.35,14.73,14.85,14.85,1169100,0,0,
210,2019-11-05,14.97,15.14,14.46,14.95,14.95,1650300,0,0,0.9589480436177036
211,2019-11-04,15.8,15.94,14.88,14.91,14.91,1749400,0,0,
212,2019-11-01,15.63,15.83,15.5,15.59,15.59,950700,0,0,0.9762053850970569
213,2019-10-31,15.87,16.1,15.3,15.54,15.54,1095100,0,0,
214,2019-10-30,15.95,15.98,15.45,15.86,15.86,959500,0,0,
215,2019-10-29,15.78,16.15,15.54,15.97,15.97,1229700,0,0,1.0479002624671916
216,2019-10-28,15.43,16.07,15.4,15.86,15.86,1335600,0,0,
217,2019-10-25,15.58,15.76,15.1,15.24,15.24,1256600,0,0,0.9986893840104849
218,2019-10-24,16.06,16.06,15.34,15.67,15.67,1191500,0,0,
219,2019-10-23,15.31,16.0,15.25,15.93,15.93,2001400,0,0,
220,2019-10-22,17.0,17.0,15.25,15.26,15.26,2258900,0,0,0.8976470588235294
221,2019-10-21,17.16,17.34,16.75,17.05,17.05,1204000,0,0,
222,2019-10-18,16.7,17.29,16.57,17.0,17.0,1602300,0,0,0.9872241579558654
223,2019-10-17,17.06,17.26,16.64,16.77,16.77,812600,0,0,
224,2019-10-16,17.0,17.35,16.83,16.93,16.93,1124900,0,0,
225,2019-10-15,17.16,17.37,17.0,17.22,17.22,876700,0,0,0.983438035408338
226,2019-10-14,17.47,17.55,17.08,17.21,17.21,808300,0,0,
227,2019-10-11,17.36,17.95,17.31,17.51,17.51,1635700,0,0,1.0580060422960726
228,2019-10-10,16.69,17.18,16.67,16.94,16.94,1060300,0,0,
229,2019-10-09,16.78,16.89,16.49,16.68,16.68,1039500,0,0,
230,2019-10-08,16.27,16.74,16.18,16.55,16.55,1997600,0,0,1.0203452527743528
231,2019-10-07,16.16,16.67,15.91,16.52,16.52,2281200,0,0,
232,2019-10-04,15.98,16.24,15.63,16.22,16.22,1083300,0,0,0.9975399753997538
233,2019-10-03,15.52,15.78,15.02,15.77,15.77,1121200,0,0,
234,2019-10-02,15.99,16.0,15.44,15.5,15.5,1670800,0,0,
235,2019-10-01,16.72,17.12,16.18,16.26,16.26,1333900,0,0,1.0074349442379182
236,2019-09-30,16.21,16.86,15.93,16.7,16.7,1681800,0,0,
237,2019-09-27,16.6,16.73,15.86,16.14,16.14,2164600,0,0,0.9676258992805756
238,2019-09-26,16.91,17.7,16.42,16.64,16.64,4395800,0,0,
239,2019-09-25,16.8,17.01,16.33,16.93,16.93,1775500,0,0,
240,2019-09-24,17.51,17.63,16.5,16.68,16.68,3110800,0,0,0.9641618497109826
241,2019-09-23,17.22,17.67,17.0,17.54,17.54,1488000,0,0,
242,2019-09-20,17.43,17.62,17.16,17.3,17.3,2310800,0,0,0.9897025171624714
243,2019-09-19,17.33,17.69,17.33,17.46,17.46,1287800,0,0,
244,2019-09-18,17.48,17.57,17.1,17.37,17.37,1749300,0,0,
245,2019-09-17,16.53,17.53,16.4,17.48,17.48,2262400,0,0,1.0952380952380951
246,2019-09-16,15.96,16.64,15.92,16.46,16.46,2313100,0,0,
247,2019-09-13,15.9,16.15,15.75,15.96,15.96,1305100,0,0,1.068988613529806
248,2019-09-12,15.79,15.93,15.41,15.83,15.83,1165500,0,0,
249,2019-09-11,14.93,15.68,14.92,15.64,15.64,1536200,0,0,
250,2019-09-10,14.96,15.14,14.62,14.93,14.93,1567200,0,0,0.9933466400532269
251,2019-09-09,15.05,15.36,14.8,14.95,14.95,1777900,0,0,
252,2019-09-06,15.3,15.45,14.98,15.03,15.03,813200,0,0,1.0162271805273835
253,2019-09-05,15.51,15.8,15.23,15.3,15.3,1253300,0,0,
254,2019-09-04,15.08,15.41,14.9,15.33,15.33,1141800,0,0,
255,2019-09-03,15.31,15.56,14.68,14.79,14.79,1546100,0,0,0.9647749510763208
256,2019-08-30,15.27,15.39,15.04,15.33,15.33,1780600,0,0,1.0330188679245282
257,2019-08-29,14.97,15.25,14.88,15.17,15.17,1035800,0,0,
258,2019-08-28,14.71,15.1,14.6,14.82,14.82,1411500,0,0,
259,2019-08-27,15.32,15.45,14.73,14.84,14.84,1155600,0,0,1.0122783083219644
260,2019-08-26,14.9,15.24,14.69,15.18,15.18,1445100,0,0,
261,2019-08-23,15.29,15.44,14.55,14.66,14.66,1458800,0,0,0.9225928256765261
262,2019-08-22,15.78,15.85,15.17,15.47,15.47,1243800,0,0,
263,2019-08-21,16.19,16.2,15.42,15.65,15.65,1615700,0,0,
264,2019-08-20,16.3,16.3,15.52,15.89,15.89,1732500,0,0,1.0324886289798572
265,2019-08-19,15.69,15.93,15.42,15.77,15.77,1666100,0,0,
266,2019-08-16,14.9,15.59,14.88,15.39,15.39,2037900,0,0,0.9535315985130112
267,2019-08-15,15.23,15.23,14.59,14.69,14.69,1789900,0,0,
268,2019-08-14,15.79,15.89,14.74,15.13,15.13,3767800,0,0,
269,2019-08-13,15.95,16.53,15.56,16.14,16.14,2105300,0,0,0.9865525672371639
270,2019-08-12,16.23,16.47,15.64,16.01,16.01,2300600,0,0,
271,2019-08-09,18.22,18.5,16.03,16.36,16.36,4476600,0,0,0.8739316239316239
272,2019-08-08,18.41,19.19,17.76,18.74,18.74,5078300,0,0,
273,2019-08-07,19.4,20.2,18.95,19.98,19.98,4189300,0,0,
274,2019-08-06,18.59,19.08,18.38,18.72,18.72,1340500,0,0,0.9604925602873269
275,2019-08-05,18.61,18.9,18.08,18.38,18.38,1833900,0,0,
276,2019-08-02,19.5,19.83,19.02,19.49,19.49,1851300,0,0,1.0193514644351462
277,2019-08-01,19.42,20.81,19.08,19.63,19.63,4144300,0,0,
278,2019-07-31,19.24,19.49,18.72,19.05,19.05,1980100,0,0,
279,2019-07-30,18.59,19.13,18.45,19.12,19.12,1199300,0,0,1.0186467767714438
280,2019-07-29,18.69,18.73,17.6,18.64,18.64,2123200,0,0,
281,2019-07-26,18.72,18.94,18.47,18.77,18.77,963600,0,0,0.9989356040447046
282,2019-07-25,18.77,19.12,18.57,18.74,18.74,1284500,0,0,
283,2019-07-24,18.76,18.99,18.34,18.7,18.7,1458400,0,0,
284,2019-07-23,19.87,19.89,17.58,18.79,18.79,3918000,0,0,0.9504299443601416
285,2019-07-22,19.8,20.28,19.61,19.89,19.89,1063200,0,0,
286,2019-07-19,20.09,20.46,19.71,19.77,19.77,1668300,0,0,0.9777448071216618
287,2019-07-18,20.32,20.43,19.63,19.98,19.98,1747400,0,0,
288,2019-07-17,20.62,21.42,20.35,20.39,20.39,2569400,0,0,
289,2019-07-16,19.72,20.43,19.68,20.22,20.22,1185400,0,0,1.0155700652938222
290,2019-07-15,19.92,20.25,19.5,19.72,19.72,955000,0,0,
291,2019-07-12,19.73,20.08,19.58,19.91,19.91,764700,0,0,1.0020130850528435
292,2019-07-11,19.98,20.05,19.55,19.64,19.64,852700,0,0,
293,2019-07-10,20.03,20.25,19.3,19.89,19.89,1439800,0,0,
294,2019-07-09,19.78,20.17,19.51,19.87,19.87,1503900,0,0,0.983176645225136
295,2019-07-08,20.1,20.22,19.67,19.82,19.82,1106300,0,0,
296,2019-07-05,20.1,20.3,19.31,20.21,20.21,1508500,0,0,0.9940973930152486
297,2019-07-03,20.48,20.67,20.0,20.22,20.22,1201000,0,0,
298,2019-07-02,19.89,20.47,19.48,20.33,20.33,3577300,0,0,1.083688699360341
299,2019-07-01,19.11,20.0,18.74,19.83,19.83,5219900,0,0,
300,2019-06-28,18.8,18.84,18.42,18.76,18.76,6461400,0,0,1.025136612021858
301,2019-06-27,18.25,18.69,18.08,18.6,18.6,1612300,0,0,
302,2019-06-26,18.48,18.84,18.3,18.38,18.38,1008000,0,0,
303,2019-06-25,18.78,18.8,18.01,18.3,18.3,1762100,0,0,0.9881209503239742
304,2019-06-24,18.7,18.94,18.47,18.68,18.68,2136700,0,0,
305,2019-06-21,18.56,18.84,18.0,18.52,18.52,2034900,0,0,1.0136836343732896
306,2019-06-20,18.32,19.28,18.31,18.75,18.75,2982000,0,0,
307,2019-06-19,18.3,18.5,17.11,18.26,18.26,2617600,0,0,
308,2019-06-18,18.0,18.75,17.47,18.27,18.27,4233400,0,0,1.1099635479951397
309,2019-06-17,16.43,17.13,16.27,17.09,17.09,1252600,0,0,
310,2019-06-14,16.96,16.96,16.29,16.46,16.46,684600,0,0,0.9969715324046032
311,2019-06-13,16.36,17.0,16.36,16.9,16.9,809400,0,0,
312,2019-06-12,16.17,16.7,16.1,16.3,16.3,572900,0,0,
313,2019-06-11,16.8,17.0,16.18,16.51,16.51,950000,0,0,1.010403916768666
314,2019-06-10,16.47,17.0,16.46,16.6,16.6,1399300,0,0,
315,2019-06-07,16.34,16.76,16.29,16.34,16.34,923400,0,0,1.02125
316,2019-06-06,16.18,16.24,15.81,16.19,16.19,506400,0,0,
317,2019-06-05,16.07,16.24,15.68,16.18,16.18,707700,0,0,
318,2019-06-04,16.12,16.31,15.69,16.0,16.0,1014000,0,0,1.0217113665389528
319,2019-06-03,15.66,16.18,15.57,15.89,15.89,793500,0,0,
320,2019-05-31,15.59,15.71,15.23,15.66,15.66,858600,0,0,1.0109748224661073
321,2019-05-30,15.57,16.13,15.57,15.95,15.95,842800,0,0,
322,2019-05-29,15.39,15.79,15.19,15.58,15.58,673300,0,0,
323,2019-05-28,14.95,15.63,14.92,15.49,15.49,955400,0,0,0.9904092071611253
324,2019-05-24,15.61,15.96,15.35,15.64,15.64,505000,0,0,0.941034897713598
325,2019-05-23,15.9,16.27,15.22,15.45,15.45,1573600,0,0,
326,2019-05-22,16.5,16.86,16.5,16.7,16.7,733800,0,0,
327,2019-05-21,15.95,16.89,15.95,16.62,16.62,1468200,0,0,1.0518987341772152
328,2019-05-20,15.5,15.92,15.29,15.71,15.71,699700,0,0,
329,2019-05-17,15.71,15.9,15.52,15.8,15.8,1115300,0,0,1.069735951252539
330,2019-05-16,15.22,16.2,15.11,16.07,16.07,1727900,0,0,
331,2019-05-15,14.55,14.87,14.51,14.78,14.78,617700,0,0,
332,2019-05-14,14.34,14.98,14.34,14.77,14.77,1015200,0,0,0.980092899800929
333,2019-05-13,14.83,14.91,14.16,14.3,14.3,1256900,0,0,
334,2019-05-10,15.44,15.53,14.75,15.07,15.07,1422500,0,0,0.8997014925373135
335,2019-05-09,15.12,15.93,14.1,15.53,15.53,2534700,0,0,
336,2019-05-08,16.83,16.91,16.43,16.6,16.6,1640600,0,0,
337,2019-05-07,16.69,16.96,16.5,16.75,16.75,1252400,0,0,1.046875
338,2019-05-06,15.6,16.52,15.51,16.46,16.46,1037000,0,0,
339,2019-05-03,15.5,16.08,15.5,16.0,16.0,1167800,0,0,1.051939513477975
340,2019-05-02,15.32,15.46,14.9,15.44,15.44,893100,0,0,
341,2019-05-01,15.41,15.57,14.9,15.34,15.34,1167100,0,0,
342,2019-04-30,16.34,16.5,14.79,15.21,15.21,2583700,0,0,0.8894736842105263
343,2019-04-29,17.18,17.31,17.06,17.13,17.13,810700,0,0,
344,2019-04-26,16.96,17.12,16.74,17.1,17.1,725300,0,0,1.0245656081485919
345,2019-04-25,17.01,17.44,16.79,16.93,16.93,1234200,0,0,
346,2019-04-24,16.72,17.02,16.69,16.91,16.91,920200,0,0,
347,2019-04-23,16.26,16.9,16.11,16.69,16.69,1027600,0,0,1.0258143822987094
348,2019-04-22,16.2,16.3,15.9,16.27,16.27,533900,0,0,
349,2019-04-18,16.49,16.74,16.17,16.27,16.27,866800,0,0,1.0416133162612036
350,2019-04-17,16.15,16.53,16.03,16.51,16.51,961200,0,0,
351,2019-04-16,15.75,16.15,15.61,16.08,16.08,766300,0,0,
352,2019-04-15,15.63,15.89,15.49,15.62,15.62,619000,0,0,0.9961734693877551
353,2019-04-12,15.99,16.1,15.57,15.68,15.68,716100,0,0,1.0481283422459893
354,2019-04-11,15.81,16.17,15.69,15.86,15.86,1169500,0,0,
355,2019-04-10,15.05,16.06,15.05,15.84,15.84,1294500,0,0,
356,2019-04-09,15.33,15.54,14.92,14.96,14.96,712400,0,0,0.9816272965879266
357,2019-04-08,15.2,15.41,14.99,15.39,15.39,613200,0,0,
358,2019-04-05,14.9,15.4,14.83,15.24,15.24,1162700,0,0,1.0717299578059072
359,2019-04-04,14.84,14.97,14.7,14.82,14.82,781600,0,0,
360,2019-04-03,14.32,14.94,14.27,14.87,14.87,1040000,0,0,
361,2019-04-02,14.15,14.36,14.05,14.22,14.22,557100,0,0,1.0113798008534851
362,2019-04-01,14.24,14.38,13.95,14.18,14.18,691700,0,0,
363,2019-03-29,14.37,14.48,13.99,14.06,14.06,1020500,0,0,0.9880534082923401
364,2019-03-28,14.25,14.33,13.96,14.27,14.27,785100,0,0,
365,2019-03-27,14.23,14.33,13.73,14.23,14.23,934800,0,0,
366,2019-03-26,14.22,14.32,14.04,14.23,14.23,668200,0,0,0.9985964912280703
367,2019-03-25,14.2,14.41,14.01,14.08,14.08,680800,0,0,
368,2019-03-22,15.0,15.08,14.23,14.25,14.25,1248900,0,0,0.970708446866485
369,2019-03-21,14.81,15.13,14.69,15.1,15.1,976400,0,0,
370,2019-03-20,14.58,15.04,14.56,14.85,14.85,1097300,0,0,
371,2019-03-19,14.88,14.97,14.61,14.68,14.68,712600,0,0,0.993906567366283
372,2019-03-18,14.8,15.06,14.65,14.83,14.83,960800,0,0,
373,2019-03-15,14.57,14.9,14.4,14.77,14.77,1284200,0,0,1.0027155465037338
374,2019-03-14,14.78,14.79,14.35,14.57,14.57,806600,0,0,
375,2019-03-13,14.78,14.94,14.54,14.73,14.73,1064400,0,0,
376,2019-03-12,14.94,15.05,14.71,14.73,14.73,848600,0,0,1.0
377,2019-03-11,14.77,15.13,14.73,14.86,14.86,1184600,0,0,
378,2019-03-08,14.37,14.81,14.26,14.73,14.73,1099200,0,0,0.9460500963391137
379,2019-03-07,15.12,15.19,14.76,14.83,14.83,1220500,0,0,
380,2019-03-06,15.65,16.0,15.15,15.21,15.21,1652200,0,0,
381,2019-03-05,16.31,16.62,15.54,15.57,15.57,2239300,0,0,0.9755639097744361
382,2019-03-04,16.1,17.09,15.97,16.3,16.3,3179400,0,0,
383,2019-03-01,16.05,16.25,15.61,15.96,15.96,2714400,0,0,1.020460358056266
384,2019-02-28,15.53,15.85,15.45,15.51,15.51,2262900,0,0,
385,2019-02-27,15.52,15.71,15.21,15.59,15.59,1174300,0,0,
386,2019-02-26,15.66,15.78,15.44,15.64,15.64,1360500,0,0,0.988621997471555
387,2019-02-25,16.0,16.03,15.54,15.71,15.71,1147600,0,0,
388,2019-02-22,15.58,15.94,15.41,15.82,15.82,1140000,0,0,1.0226244343891402
389,2019-02-21,15.5,15.59,15.26,15.5,15.5,886300,0,0,
390,2019-02-20,15.44,15.74,15.22,15.46,15.46,1497100,0,0,
391,2019-02-19,15.5,15.55,15.3,15.47,15.47,1483000,0,0,1.0137614678899083
392,2019-02-15,15.17,15.28,15.05,15.26,15.26,777300,0,0,1.0221031480241125
393,2019-02-14,14.97,15.44,14.36,15.1,15.1,1641800,0,0,
394,2019-02-13,15.01,15.24,14.88,15.15,15.15,1049800,0,0,
395,2019-02-12,14.9,15.0,14.77,14.93,14.93,783500,0,0,1.0170299727520435
396,2019-02-11,14.74,15.18,14.58,14.9,14.9,1753600,0,0,
397,2019-02-08,14.51,14.77,14.34,14.68,14.68,974200,0,0,1.0545977011494252
398,2019-02-07,14.26,14.61,14.12,14.6,14.6,1252200,0,0,
399,2019-02-06,13.96,14.45,13.91,14.33,14.33,1170600,0,0,
400,2019-02-05,13.69,14.14,13.62,13.92,13.92,1433300,0,0,1.045045045045045
401,2019-02-04,13.32,13.69,13.21,13.66,13.66,776000,0,0,
402,2019-02-01,13.12,13.64,13.12,13.32,13.32,1168400,0,0,1.089125102207686
403,2019-01-31,12.42,13.3,12.41,13.3,13.3,1852200,0,0,
404,2019-01-30,12.37,12.49,12.17,12.4,12.4,585300,0,0,
405,2019-01-29,12.32,12.35,12.11,12.23,12.23,734100,0,0,1.0032813781788352
406,2019-01-28,11.99,12.36,11.93,12.24,12.24,1086600,0,0,
407,2019-01-25,12.16,12.31,12.02,12.19,12.19,780300,0,0,1.034804753820034
408,2019-01-24,11.9,12.23,11.9,12.01,12.01,602300,0,0,
409,2019-01-23,11.86,12.17,11.69,11.92,11.92,643100,0,0,
410,2019-01-22,12.07,12.28,11.76,11.78,11.78,835700,0,0,0.9687499999999999
411,2019-01-18,12.12,12.23,11.86,12.16,12.16,782500,0,0,1.0357751277683134
412,2019-01-17,11.62,12.14,11.52,12.07,12.07,895900,0,0,
413,2019-01-16,11.79,12.0,11.61,11.69,11.69,1026000,0,0,
414,2019-01-15,11.75,11.89,11.54,11.74,11.74,656400,0,0,1.007725321888412
415,2019-01-14,11.54,11.87,11.4,11.73,11.73,948700,0,0,
416,2019-01-11,11.49,11.74,11.22,11.65,11.65,1135400,0,0,1.087768440709617
417,2019-01-10,11.29,11.54,11.01,11.51,11.51,854200,0,0,
418,2019-01-09,10.76,11.61,10.73,11.47,11.47,1832700,0,0,
419,2019-01-08,10.61,10.98,10.41,10.71,10.71,1441400,0,0,1.0317919075144508
420,2019-01-07,10.37,10.8,10.15,10.56,10.56,1209500,0,0,
421,2019-01-04,9.95,10.6,9.95,10.38,10.38,1531700,0,0,0.953168044077135
422,2019-01-03,10.83,11.06,9.56,9.78,9.78,2469000,0,0,
423,2019-01-02,10.58,10.99,10.1,10.98,10.98,1017900,0,0,
424,2018-12-31,10.72,10.91,10.47,10.89,10.89,1220300,0,0,1.0273584905660378
425,2018-12-28,10.91,11.14,10.46,10.6,10.6,1539600,0,0,1.0076045627376427
426,2018-12-27,11.0,11.12,10.27,10.91,10.91,1372600,0,0,
427,2018-12-26,10.65,11.2,10.4,11.16,11.16,1585400,0,0,
428,2018-12-24,10.43,10.68,9.95,10.52,10.52,1540900,0,0,0.965137614678899
429,2018-12-21,10.49,10.97,10.34,10.9,10.9,3135700,0,0,0.8790322580645161
430,2018-12-20,11.97,11.97,8.81,10.48,10.48,5851400,0,0,
431,2018-12-19,12.33,12.77,11.8,11.94,11.94,1324300,0,0,
432,2018-12-18,13.33,13.52,12.18,12.4,12.4,1489800,0,0,0.9523809523809524
433,2018-12-17,12.76,13.23,12.53,13.11,13.11,1955600,0,0,
434,2018-12-14,14.13,14.13,12.71,13.02,13.02,1772800,0,0,0.9220963172804533
435,2018-12-13,14.63,14.87,14.08,14.26,14.26,1257200,0,0,
436,2018-12-12,14.34,14.56,13.91,14.41,14.41,1087100,0,0,
437,2018-12-11,14.43,14.48,13.88,14.12,14.12,930600,0,0,1.011461318051576
438,2018-12-10,13.96,14.32,13.66,14.14,14.14,1168000,0,0,
439,2018-12-07,14.62,14.88,13.82,13.96,13.96,1206000,0,0,0.9775910364145659
440,2018-12-06,14.08,14.63,13.71,14.61,14.61,1304300,0,0,
441,2018-12-04,14.89,14.95,14.13,14.28,14.28,1824300,0,0,0.9747440273037542
442,2018-12-03,15.0,15.0,14.53,14.91,14.91,1885600,0,0,
443,2018-11-30,14.55,14.73,14.18,14.65,14.65,2055900,0,0,1.0382707299787386
444,2018-11-29,14.38,14.7,14.31,14.7,14.7,2199300,0,0,
445,2018-11-28,14.09,14.6,13.9,14.53,14.53,2903200,0,0,
446,2018-11-27,13.09,14.15,13.05,14.11,14.11,3331200,0,0,1.1360708534621577
447,2018-11-26,12.6,13.03,12.52,13.03,13.03,1075700,0,0,
448,2018-11-23,12.14,12.65,12.01,12.42,12.42,365800,0,0,1.0525423728813559
449,2018-11-21,11.87,12.32,11.78,12.29,12.29,863900,0,0,
450,2018-11-20,12.51,12.51,11.6,11.8,11.8,1401800,0,0,0.9028309104820199
451,2018-11-19,12.77,12.98,12.39,12.79,12.79,1411200,0,0,
452,2018-11-16,13.04,13.18,12.55,13.07,13.07,1422300,0,0,1.0774938169826875
453,2018-11-15,12.42,13.18,12.22,13.12,13.12,1415200,0,0,
454,2018-11-14,12.27,12.61,12.11,12.59,12.59,925300,0,0,
455,2018-11-13,12.48,12.73,12.02,12.13,12.13,1056000,0,0,0.9861788617886179
456,2018-11-12,12.3,12.75,12.06,12.44,12.44,955100,0,0,
457,2018-11-09,12.47,12.59,12.21,12.3,12.3,803700,0,0,0.9483423284502699
458,2018-11-08,12.47,13.5,12.4,12.59,12.59,2165700,0,0,
459,2018-11-07,13.22,13.33,12.89,13.19,13.19,1557500,0,0,
460,2018-11-06,12.73,13.07,12.58,12.97,12.97,896600,0,0,0.9885670731707318
461,2018-11-05,13.0,13.08,12.52,12.66,12.66,1259900,0,0,
462,2018-11-02,12.68,13.2,12.54,13.12,13.12,1370500,0,0,1.0969899665551839
463,2018-11-01,12.26,12.64,11.68,12.6,12.6,1174700,0,0,
464,2018-10-31,12.19,12.4,11.86,12.26,12.26,1124400,0,0,
465,2018-10-30,11.5,11.97,11.44,11.96,11.96,872800,0,0,1.0454545454545456
466,2018-10-29,11.56,11.97,11.26,11.5,11.5,1094700,0,0,
467,2018-10-26,11.62,11.9,11.3,11.44,11.44,1110900,0,0,0.924071082390953
468,2018-10-25,11.76,12.05,11.41,11.86,11.86,1925600,0,0,
469,2018-10-24,12.37,12.7,11.72,11.75,11.75,1209800,0,0,
470,2018-10-23,12.51,12.55,11.85,12.38,12.38,1185400,0,0,0.9725058915946583
471,2018-10-22,12.73,12.98,12.62,12.79,12.79,937200,0,0,
472,2018-10-19,12.83,12.99,12.33,12.73,12.73,1080400,0,0,0.9673252279635258
473,2018-10-18,12.92,13.15,12.57,12.72,12.72,775800,0,0,
474,2018-10-17,13.11,13.15,12.64,13.05,13.05,1144800,0,0,
475,2018-10-16,12.54,13.27,12.5,13.16,13.16,1933400,0,0,1.0769230769230769
476,2018-10-15,12.11,12.47,12.02,12.41,12.41,1050200,0,0,
477,2018-10-12,11.8,12.22,11.51,12.22,12.22,1459500,0,0,1.0082508250825084
478,2018-10-11,11.09,11.8,10.95,11.38,11.38,2048200,0,0,
479,2018-10-10,12.03,12.15,11.12,11.19,11.19,1546200,0,0,
480,2018-10-09,12.02,12.28,11.89,12.12,12.12,1075400,0,0,0.971153846153846
481,2018-10-08,12.35,12.41,11.69,11.99,11.99,1160100,0,0,
482,2018-10-05,12.58,12.8,12.33,12.48,12.48,1495900,0,0,0.9217134416543575
483,2018-10-04,12.76,13.04,12.33,12.59,12.59,1193700,0,0,
484,2018-10-03,13.54,13.54,12.6,12.85,12.85,2134200,0,0,
485,2018-10-02,12.38,13.77,12.37,13.54,13.54,2816200,0,0,1.0884244372990353
486,2018-10-01,12.48,12.57,11.98,12.24,12.24,1681600,0,0,
487,2018-09-28,12.05,12.81,12.0,12.44,12.44,2162200,0,0,0.9936102236421726
488,2018-09-27,12.4,12.5,11.9,12.07,12.07,2493600,0,0,
489,2018-09-26,12.49,12.57,12.4,12.46,12.46,869800,0,0,
490,2018-09-25,12.5,12.6,12.25,12.52,12.52,1226400,0,0,1.0016
491,2018-09-24,12.5,12.69,12.36,12.51,12.51,1561200,0,0,
492,2018-09-21,12.84,13.04,12.48,12.5,12.5,2281300,0,0,0.9697439875872769
493,2018-09-20,12.8,13.18,12.75,12.84,12.84,1149000,0,0,
494,2018-09-19,12.9,13.04,12.59,12.75,12.75,855700,0,0,
495,2018-09-18,12.5,13.06,12.49,12.89,12.89,881800,0,0,0.9817212490479817
496,2018-09-17,13.07,13.19,12.48,12.56,12.56,1298200,0,0,
497,2018-09-14,13.05,13.24,12.95,13.13,13.13,997300,0,0,1.0338582677165356
498,2018-09-13,12.84,13.38,12.83,13.09,13.09,950900,0,0,
499,2018-09-12,12.61,13.2,12.61,13.1,13.1,1382300,0,0,
500,2018-09-11,12.88,13.37,12.48,12.7,12.7,3687900,0,0,1.0358890701468189
501,2018-09-10,12.26,12.27,11.91,11.95,11.95,1286400,0,0,
502,2018-09-07,12.25,12.52,12.18,12.26,12.26,1015600,0,0,0.9593114241001566
503,2018-09-06,12.71,12.71,12.24,12.33,12.33,1115900,0,0,
504,2018-09-05,12.76,12.79,12.18,12.64,12.64,1558800,0,0,
505,2018-09-04,13.1,13.33,12.72,12.78,12.78,1748800,0,0,0.9740853658536586
506,2018-08-31,13.05,13.37,13.02,13.12,13.12,1332400,0,0,0.9798356982823001
507,2018-08-30,13.46,13.5,13.01,13.1,13.1,1573700,0,0,
508,2018-08-29,13.42,13.77,13.27,13.52,13.52,1275400,0,0,
509,2018-08-28,14.02,14.1,13.17,13.39,13.39,2210100,0,0,0.9456214689265537
510,2018-08-27,14.12,14.34,13.74,13.97,13.97,2758000,0,0,
511,2018-08-24,13.69,14.16,13.6,14.16,14.16,1313400,0,0,1.0128755364806867
512,2018-08-23,14.19,14.26,13.45,13.57,13.57,2594200,0,0,
513,2018-08-22,13.93,14.42,13.91,14.32,14.32,1708400,0,0,
514,2018-08-21,13.92,14.38,13.9,13.98,13.98,2277200,0,0,1.0778720123361603
515,2018-08-20,13.03,13.88,12.86,13.88,13.88,2430400,0,0,
516,2018-08-17,13.38,13.56,12.8,12.97,12.97,2090500,0,0,0.9855623100303952
517,2018-08-16,13.4,13.6,13.0,13.39,13.39,2209900,0,0,
518,2018-08-15,12.98,13.39,12.86,13.26,13.26,1827300,0,0,
519,2018-08-14,13.23,13.41,12.72,13.16,13.16,3034500,0,0,0.9902182091798345
520,2018-08-13,13.26,13.58,12.5,13.21,13.21,4664900,0,0,
521,2018-08-10,12.69,13.7,11.8,13.29,13.29,9784700,0,0,0.9479315263908702
522,2018-08-09,14.5,14.84,14.33,14.34,14.34,2249800,0,0,
523,2018-08-08,14.1,14.41,13.94,14.29,14.29,1308100,0,0,
524,2018-08-07,14.0,14.12,13.9,14.02,14.02,843000,0,0,1.0130057803468209
525,2018-08-06,13.84,14.17,13.57,13.91,13.91,1532700,0,0,
526,2018-08-03,14.42,14.96,13.42,13.84,13.84,3418400,0,0,0.9787835926449787
527,2018-08-02,14.28,14.88,14.2,14.77,14.77,1118300,0,0,
528,2018-08-01,14.16,14.33,13.91,14.32,14.32,1120900,0,0,
529,2018-07-31,13.95,14.43,13.93,14.14,14.14,1048100,0,0,0.9678302532511979
530,2018-07-30,14.53,14.72,13.7,13.85,13.85,1838900,0,0,
531,2018-07-27,15.21,15.5,14.45,14.61,14.61,1429700,0,0,0.991180461329715
532,2018-07-26,15.03,15.42,14.92,15.23,15.23,1169700,0,0,
533,2018-07-25,14.74,15.22,14.51,15.11,15.11,1516100,0,0,
534,2018-07-24,14.72,15.15,14.52,14.74,14.74,1432300,0,0,1.0250347705146037
535,2018-07-23,14.39,14.69,14.3,14.54,14.54,1286800,0,0,
536,2018-07-20,15.38,15.59,14.2,14.38,14.38,2108400,0,0,0.947923533289387
537,2018-07-19,14.31,15.51,14.31,15.45,15.45,2535000,0,0,
538,2018-07-18,15.16,15.44,14.69,15.16,15.16,2268200,0,0,
539,2018-07-17,15.95,16.24,15.12,15.17,15.17,2422200,0,0,0.9631746031746031
540,2018-07-16,15.85,16.44,15.66,15.94,15.94,1525700,0,0,
541,2018-07-13,15.96,16.02,15.65,15.75,15.75,1536800,0,0,0.9974667511082964
542,2018-07-12,16.0,16.07,15.51,15.96,15.96,2080900,0,0,
543,2018-07-11,15.41,16.1,15.27,15.96,15.96,1759000,0,0,
544,2018-07-10,15.86,16.0,15.17,15.79,15.79,2628800,0,0,1.0193673337637184
545,2018-07-09,15.62,16.02,15.33,15.95,15.95,2791800,0,0,
546,2018-07-06,14.85,15.51,14.5,15.49,15.49,3180700,0,0,1.0923836389280677
547,2018-07-05,14.27,15.21,13.86,14.99,14.99,4565400,0,0,
548,2018-07-03,14.28,14.33,13.88,14.18,14.18,1402400,0,0,1.0783269961977187
549,2018-07-02,13.57,14.23,13.0,14.17,14.17,2748100,0,0,
550,2018-06-29,13.14,13.49,12.89,13.15,13.15,1427400,0,0,0.9740740740740741
551,2018-06-28,13.05,13.35,12.7,13.05,13.05,1986600,0,0,
552,2018-06-27,13.48,13.5,13.08,13.1,13.1,1182300,0,0,
553,2018-06-26,13.59,13.72,13.35,13.5,13.5,1280200,0,0,0.973323720259553
554,2018-06-25,13.81,13.82,12.93,13.45,13.45,1802400,0,0,
555,2018-06-22,13.82,13.97,13.65,13.87,13.87,1995400,0,0,1.0065312046444121
556,2018-06-21,13.93,13.98,13.57,13.69,13.69,1100100,0,0,
557,2018-06-20,13.8,14.13,13.54,13.86,13.86,1475900,0,0,
558,2018-06-19,13.62,13.8,13.18,13.78,13.78,1602100,0,0,1.0110051357300072
559,2018-06-18,13.42,13.96,13.32,13.82,13.82,1612900,0,0,
560,2018-06-15,14.19,14.19,13.57,13.63,13.63,5151100,0,0,1.0103780578206079
561,2018-06-14,14.1,14.35,13.91,14.18,14.18,2196100,0,0,
562,2018-06-13,13.74,14.31,13.6,13.98,13.98,3541900,0,0,
563,2018-06-12,12.78,13.97,12.72,13.49,13.49,4472200,0,0,1.0630417651694248
564,2018-06-11,12.76,12.81,12.54,12.64,12.64,1485300,0,0,
565,2018-06-08,12.32,12.71,12.25,12.69,12.69,2346700,0,0,0.9898595943837752
566,2018-06-07,12.63,12.79,12.06,12.28,12.28,1642400,0,0,
567,2018-06-06,12.78,12.81,12.32,12.57,12.57,2535400,0,0,
568,2018-06-05,12.36,13.0,12.33,12.82,12.82,3726100,0,0,1.0448247758761207
569,2018-06-04,12.3,12.39,11.75,12.32,12.32,2972200,0,0,
570,2018-06-01,11.99,12.4,11.57,12.27,12.27,3327900,0,0,1.1154545454545455
571,2018-05-31,11.66,12.24,11.49,12.1,12.1,5595100,0,0,
572,2018-05-30,11.01,11.51,10.91,11.5,11.5,3016900,0,0,
573,2018-05-29,10.76,11.07,10.76,11.0,11.0,1793100,0,0,1.008249312557287
574,2018-05-25,10.93,11.11,10.7,10.91,10.91,1775000,0,0,1.0027573529411764
575,2018-05-24,10.87,11.04,10.67,11.01,11.01,1280500,0,0,
576,2018-05-23,10.8,10.94,10.71,10.89,10.89,857900,0,0,
577,2018-05-22,10.98,11.06,10.84,10.88,10.88,1260000,0,0,0.9908925318761385
578,2018-05-21,11.0,11.14,10.76,10.91,10.91,1970200,0,0,
579,2018-05-18,10.85,11.07,10.83,10.98,10.98,2038800,0,0,1.0119815668202765
580,2018-05-17,10.63,10.88,10.54,10.86,10.86,2284900,0,0,
581,2018-05-16,10.76,10.9,10.41,10.64,10.64,3032500,0,0,
582,2018-05-15,10.75,11.19,10.72,10.85,10.85,2759300,0,0,1.0149672591206735
583,2018-05-14,10.83,11.35,10.76,10.89,10.89,3810200,0,0,
584,2018-05-11,11.19,11.2,10.47,10.69,10.69,5553600,0,0,1.1336161187698834
585,2018-05-10,10.97,11.77,10.22,11.5,11.5,9178800,0,0,
586,2018-05-09,9.41,10.03,9.35,9.83,9.83,4177800,0,0,
587,2018-05-08,9.31,9.5,9.22,9.43,9.43,2245000,0,0,1.0501113585746102
588,2018-05-07,9.03,9.4,8.97,9.33,9.33,1998500,0,0,
589,2018-05-04,8.9,9.04,8.86,8.98,8.98,781600,0,0,0.9889867841409692
590,2018-05-03,9.03,9.11,8.82,8.89,8.89,1024700,0,0,
591,2018-05-02,9.09,9.25,8.99,9.06,9.06,4051500,0,0,
592,2018-05-01,9.18,9.18,8.8,9.08,9.08,966400,0,0,0.9816216216216216
593,2018-04-30,9.27,9.39,9.12,9.22,9.22,3745200,0,0,
594,2018-04-27,9.08,9.45,9.05,9.25,9.25,1153500,0,0,1.0416666666666665
595,2018-04-26,9.05,9.12,8.95,9.08,9.08,835500,0,0,
596,2018-04-25,8.9,9.03,8.75,8.99,8.99,1372100,0,0,
597,2018-04-24,8.87,9.04,8.7,8.88,8.88,1425300,0,0,0.9579288025889969
598,2018-04-23,9.44,9.44,8.69,8.82,8.82,2574700,0,0,
599,2018-04-20,8.87,9.48,8.82,9.27,9.27,1803100,0,0,1.0594285714285714
600,2018-04-19,9.12,9.15,8.83,8.91,8.91,1166800,0,0,
601,2018-04-18,8.79,9.22,8.73,9.11,9.11,1968100,0,0,
602,2018-04-17,8.69,8.8,8.58,8.75,8.75,1089500,0,0,1.0294117647058822
603,2018-04-16,8.5,8.75,8.43,8.63,8.63,1503100,0,0,
604,2018-04-13,8.54,8.69,8.42,8.5,8.5,1474000,0,0,1.0365853658536586
605,2018-04-12,8.41,8.6,8.36,8.47,8.47,1488100,0,0,
606,2018-04-11,8.15,8.45,8.01,8.28,8.28,1708900,0,0,
607,2018-04-10,8.28,8.59,8.2,8.2,8.2,2443200,0,0,0.9624413145539906
608,2018-04-09,8.51,8.73,8.17,8.19,8.19,2919900,0,0,
609,2018-04-06,9.3,9.51,8.39,8.52,8.52,6356200,0,0,0.9301310043668122
610,2018-04-05,9.82,10.16,9.76,9.94,9.94,5041200,0,0,
611,2018-04-04,9.11,9.88,8.94,9.82,9.82,5328300,0,0,
612,2018-04-03,9.15,9.24,8.91,9.16,9.16,2539900,0,0,1.0257558790593506
613,2018-04-02,8.9,9.12,8.73,9.08,9.08,2167800,0,0,
614,2018-03-29,8.72,9.23,8.61,8.93,8.93,3372000,0,0,1.0229095074455898
615,2018-03-28,8.7,8.75,8.45,8.69,8.69,2585400,0,0,
616,2018-03-27,8.75,8.84,8.51,8.76,8.76,2377400,0,0,
617,2018-03-26,8.55,8.82,8.5,8.73,8.73,2605200,0,0,1.0355871886120998
618,2018-03-23,8.53,8.87,8.42,8.43,8.43,3117900,0,0,1.0472049689440992
619,2018-03-22,8.49,8.85,8.18,8.47,8.47,4337700,0,0,
620,2018-03-21,8.07,8.95,8.07,8.64,8.64,5108400,0,0,
621,2018-03-20,7.67,8.08,7.56,8.05,8.05,2762000,0,0,1.0509138381201044
622,2018-03-19,7.64,7.79,7.49,7.63,7.63,2261500,0,0,
623,2018-03-16,7.57,7.68,7.32,7.66,7.66,2275700,0,0,1.0536451169188445
624,2018-03-15,7.69,7.7,7.41,7.46,7.46,1566000,0,0,
625,2018-03-14,7.33,7.66,7.25,7.65,7.65,3062900,0,0,
626,2018-03-13,7.24,7.4,7.15,7.27,7.27,1878400,0,0,1.0167832167832167
627,2018-03-12,7.15,7.37,7.15,7.2,7.2,1710300,0,0,
628,2018-03-09,6.98,7.23,6.96,7.15,7.15,1983500,0,0,0.9623149394347241
629,2018-03-08,6.74,7.09,6.71,6.91,6.91,3124000,0,0,
630,2018-03-07,7.4,7.4,6.64,6.76,6.76,6183100,0,0,
631,2018-03-06,7.3,7.44,7.16,7.43,7.43,4219800,0,0,1.0524079320113315
632,2018-03-05,7.03,7.2,6.83,7.2,7.2,2640600,0,0,
633,2018-03-02,6.97,7.09,6.67,7.06,7.06,1898500,0,0,1.045925925925926
634,2018-03-01,6.67,7.03,6.51,6.94,6.94,1938600,0,0,
635,2018-02-28,6.8,6.89,6.68,6.69,6.69,1252800,0,0,
636,2018-02-27,7.08,7.15,6.7,6.75,6.75,1562600,0,0,0.9839650145772594
637,2018-02-26,6.91,7.1,6.88,7.05,7.05,1674800,0,0,
638,2018-02-23,6.7,6.89,6.62,6.86,6.86,1321200,0,0,1.0193164933135215
639,2018-02-22,7.02,7.05,6.35,6.69,6.69,3001400,0,0,
640,2018-02-21,6.77,7.3,6.77,7.06,7.06,2944300,0,0,
641,2018-02-20,6.8,6.85,6.68,6.73,6.73,1325200,0,0,0.9926253687315635
642,2018-02-16,6.54,6.88,6.53,6.78,6.78,2850800,0,0,1.135678391959799
643,2018-02-15,6.5,6.55,6.24,6.53,6.53,1810000,0,0,
644,2018-02-14,5.9,6.52,5.9,6.42,6.42,2695100,0,0,
645,2018-02-13,6.02,6.11,5.94,5.97,5.97,1518400,0,0,1.1117318435754189
646,2018-02-12,5.84,6.12,5.64,6.0,6.0,2667000,0,0,
647,2018-02-09,5.43,5.48,5.08,5.37,5.37,1674200,0,0,0.9675675675675676
648,2018-02-08,5.56,5.69,5.26,5.33,5.33,1404700,0,0,
649,2018-02-07,5.56,5.7,5.48,5.54,5.54,847500,0,0,
650,2018-02-06,5.52,5.65,5.43,5.55,5.55,1588700,0,0,0.9536082474226804
651,2018-02-05,5.79,5.89,5.6,5.61,5.61,1356000,0,0,
652,2018-02-02,6.02,6.05,5.78,5.82,5.82,1816800,0,0,0.8725637181409296
653,2018-02-01,6.32,6.37,6.03,6.07,6.07,899100,0,0,
654,2018-01-31,6.7,6.73,6.32,6.33,6.33,1155400,0,0,
655,2018-01-30,6.66,6.73,6.61,6.67,6.67,1059900,0,0,1.0537124802527646
656,2018-01-29,6.35,6.78,6.35,6.66,6.66,1543100,0,0,
657,2018-01-26,6.39,6.41,6.2,6.33,6.33,878800,0,0,0.9875195007800311
658,2018-01-25,6.47,6.52,6.28,6.33,6.33,985900,0,0,
659,2018-01-24,6.45,6.56,6.27,6.39,6.39,1295400,0,0,
660,2018-01-23,6.45,6.57,6.16,6.41,6.41,3887200,0,0,1.0791245791245792
661,2018-01-22,5.94,6.08,5.87,6.04,6.04,1243900,0,0,
662,2018-01-19,5.91,6.01,5.88,5.94,5.94,919600,0,0,0.9801980198019803
663,2018-01-18,6.06,6.13,5.78,5.92,5.92,1934200,0,0,
664,2018-01-17,6.07,6.15,6.02,6.09,6.09,992200,0,0,
665,2018-01-16,6.37,6.41,6.06,6.06,6.06,926500,0,0,0.9528301886792452
666,2018-01-12,6.3,6.43,6.23,6.36,6.36,980900,0,0,1.058236272878536
667,2018-01-11,5.98,6.31,5.94,6.3,6.3,1870700,0,0,
668,2018-01-10,5.98,6.03,5.94,6.02,6.02,511400,0,0,
669,2018-01-09,6.03,6.08,5.96,6.01,6.01,564000,0,0,1.0
670,2018-01-08,6.0,6.1,5.92,6.05,6.05,466100,0,0,
671,2018-01-05,6.07,6.09,5.94,6.01,6.01,1062000,0,0,1.0152027027027026
672,2018-01-04,6.05,6.09,5.91,6.06,6.06,798500,0,0,
673,2018-01-03,5.92,6.14,5.92,6.05,6.05,933100,0,0,
674,2018-01-02,5.88,5.98,5.88,5.92,5.92,672400,0,0,1.0033898305084745
675,2017-12-29,6.08,6.09,5.89,5.9,5.9,879800,0,0,1.0102739726027399
676,2017-12-28,5.87,6.08,5.87,6.07,6.07,1012500,0,0,
677,2017-12-27,5.84,5.94,5.78,5.87,5.87,436000,0,0,
678,2017-12-26,6.01,6.01,5.79,5.84,5.84,552800,0,0,0.9700996677740864
679,2017-12-22,6.04,6.06,5.98,6.02,6.02,356600,0,0,1.005008347245409
680,2017-12-21,6.08,6.08,6.01,6.05,6.05,673700,0,0,
681,2017-12-20,5.98,6.12,5.98,6.07,6.07,696900,0,0,
682,2017-12-19,6.07,6.1,5.97,5.99,5.99,719700,0,0,0.9884488448844886
683,2017-12-18,6.08,6.14,6.03,6.07,6.07,1261600,0,0,
684,2017-12-15,5.91,6.1,5.9,6.06,6.06,2727400,0,0,1.0650263620386642
685,2017-12-14,5.72,5.92,5.6,5.86,5.86,1115800,0,0,
686,2017-12-13,5.71,5.83,5.59,5.69,5.69,858600,0,0,
687,2017-12-12,5.79,5.95,5.68,5.69,5.69,823600,0,0,0.9930191972076788
688,2017-12-11,5.74,5.86,5.7,5.8,5.8,722600,0,0,
689,2017-12-08,5.71,5.78,5.71,5.73,5.73,693300,0,0,1.0305755395683456
690,2017-12-07,5.54,5.69,5.52,5.67,5.67,651700,0,0,
691,2017-12-06,5.55,5.6,5.48,5.56,5.56,535400,0,0,
692,2017-12-05,5.49,5.64,5.44,5.56,5.56,749200,0,0,1.0220588235294117
693,2017-12-04,5.49,5.74,5.48,5.49,5.49,1054500,0,0,
694,2017-12-01,5.57,5.64,5.32,5.44,5.44,1114600,0,0,0.9493891797556719
695,2017-11-30,5.56,5.67,5.51,5.6,5.6,788200,0,0,
696,2017-11-29,5.72,5.78,5.4,5.56,5.56,1514500,0,0,
697,2017-11-28,6.01,6.01,5.7,5.73,5.73,2020100,0,0,0.9662731871838113
698,2017-11-27,5.97,6.09,5.94,6.08,6.08,821600,0,0,
699,2017-11-24,5.95,5.99,5.87,5.93,5.93,330500,0,0,1.0016891891891893
700,2017-11-22,5.92,5.98,5.75,5.92,5.92,653600,0,0,
701,2017-11-21,6.05,6.05,5.9,5.92,5.92,569300,0,0,0.9785123966942149
702,2017-11-20,5.98,6.08,5.92,6.02,6.02,720300,0,0,
703,2017-11-17,6.0,6.14,5.94,6.05,6.05,734100,0,0,0.9805510534846029
704,2017-11-16,6.07,6.2,5.93,6.04,6.04,825000,0,0,
705,2017-11-15,6.12,6.25,6.01,6.08,6.08,821000,0,0,
706,2017-11-14,6.07,6.18,5.89,6.17,6.17,710300,0,0,1.0583190394511148
707,2017-11-13,5.9,6.15,5.87,6.07,6.07,1059900,0,0,
708,2017-11-10,6.2,6.24,5.64,5.83,5.83,1877000,0,0,0.9948805460750852
709,2017-11-09,6.41,6.73,6.03,6.24,6.24,2876200,0,0,
710,2017-11-08,5.82,6.19,5.75,5.89,5.89,934000,0,0,
711,2017-11-07,6.2,6.24,5.8,5.86,5.86,1227800,0,0,1.0371681415929204
712,2017-11-06,5.75,6.16,5.7,6.13,6.13,1339500,0,0,
713,2017-11-03,5.67,5.72,5.59,5.65,5.65,685700,0,0,0.9843205574912892
714,2017-11-02,5.77,5.8,5.63,5.69,5.69,940600,0,0,
715,2017-11-01,5.67,5.84,5.66,5.74,5.74,895500,0,0,
716,2017-10-31,5.75,5.92,5.64,5.74,5.74,1508800,0,0,1.0213523131672597
717,2017-10-30,5.58,5.81,5.55,5.72,5.72,886800,0,0,
718,2017-10-27,5.45,5.68,5.45,5.62,5.62,741200,0,0,1.0330882352941175
719,2017-10-26,5.42,5.52,5.38,5.44,5.44,466300,0,0,
720,2017-10-25,5.45,5.53,5.35,5.42,5.42,1005400,0,0,
721,2017-10-24,5.39,5.59,5.38,5.44,5.44,1085500,0,0,0.9766606822262118
722,2017-10-23,5.55,5.63,5.31,5.37,5.37,781600,0,0,
723,2017-10-20,5.5,5.59,5.44,5.57,5.57,606700,0,0,1.0054151624548737
724,2017-10-19,5.5,5.62,5.37,5.46,5.46,579900,0,0,
725,2017-10-18,5.59,5.7,5.54,5.54,5.54,1066000,0,0,
726,2017-10-17,5.53,5.7,5.51,5.54,5.54,1217500,0,0,1.0036231884057971
727,2017-10-16,5.52,5.63,5.49,5.49,5.49,596300,0,0,
728,2017-10-13,5.39,5.6,5.38,5.52,5.52,826000,0,0,1.0128440366972475
729,2017-10-12,5.47,5.52,5.38,5.39,5.39,694400,0,0,
730,2017-10-11,5.45,5.54,5.42,5.47,5.47,656200,0,0,
731,2017-10-10,5.48,5.58,5.43,5.45,5.45,670400,0,0,0.9767025089605735
732,2017-10-09,5.58,5.68,5.43,5.43,5.43,495500,0,0,
733,2017-10-06,5.5,5.66,5.5,5.58,5.58,404000,0,0,0.9876106194690265
734,2017-10-05,5.62,5.72,5.49,5.54,5.54,698800,0,0,
735,2017-10-04,5.64,5.72,5.54,5.63,5.63,664600,0,0,
736,2017-10-03,5.56,5.66,5.52,5.65,5.65,729300,0,0,1.018018018018018
737,2017-10-02,5.49,5.57,5.41,5.53,5.53,766500,0,0,
738,2017-09-29,5.51,5.69,5.47,5.55,5.55,708000,0,0,1.0277777777777777
739,2017-09-28,5.6,5.61,5.4,5.53,5.53,1115100,0,0,
740,2017-09-27,5.4,5.71,5.39,5.63,5.63,1128100,0,0,
741,2017-09-26,5.17,5.54,5.16,5.4,5.4,1381800,0,0,0.966010733452594
742,2017-09-25,5.6,5.61,5.13,5.19,5.19,1728700,0,0,
743,2017-09-22,5.46,5.81,5.1,5.59,5.59,2865600,0,0,0.9239669421487603
744,2017-09-21,5.99,6.04,4.21,5.47,5.47,3131300,0,0,
745,2017-09-20,6.09,6.24,6.0,6.02,6.02,1348300,0,0,
746,2017-09-19,6.42,6.43,6.01,6.05,6.05,2541900,0,0,0.9002976190476191
747,2017-09-18,6.75,6.8,6.44,6.44,6.44,1486300,0,0,
748,2017-09-15,6.88,6.92,6.62,6.72,6.72,1590700,0,0,0.9682997118155618
749,2017-09-14,6.82,6.94,6.78,6.86,6.86,550100,0,0,
750,2017-09-13,6.92,6.95,6.83,6.83,6.83,511500,0,0,
751,2017-09-12,6.92,7.02,6.85,6.94,6.94,610700,0,0,0.9857954545454546
752,2017-09-11,7.0,7.08,6.73,6.92,6.92,729300,0,0,
753,2017-09-08,7.15,7.2,6.98,7.04,7.04,1009000,0,0,1.0173410404624277
754,2017-09-07,7.09,7.21,7.04,7.15,7.15,836400,0,0,
755,2017-09-06,6.92,7.17,6.85,7.07,7.07,936200,0,0,
756,2017-09-05,6.75,6.94,6.72,6.92,6.92,1106100,0,0,1.0221565731166913
757,2017-09-01,6.71,6.79,6.52,6.77,6.77,764600,0,0,0.9912152269399707
758,2017-08-31,6.81,6.86,6.64,6.7,6.7,1009300,0,0,
759,2017-08-30,6.8,6.91,6.71,6.78,6.78,662700,0,0,
760,2017-08-29,6.87,6.91,6.68,6.83,6.83,799300,0,0,0.9884225759768451
761,2017-08-28,6.94,7.03,6.82,6.93,6.93,832900,0,0,
762,2017-08-25,7.47,7.55,6.83,6.91,6.91,2386400,0,0,1.0298062593144561
763,2017-08-24,7.23,7.78,7.1,7.59,7.59,3045400,0,0,
764,2017-08-23,6.68,6.99,6.6,6.94,6.94,1064200,0,0,
765,2017-08-22,6.73,6.86,6.68,6.71,6.71,377400,0,0,0.9795620437956205
766,2017-08-21,6.83,6.89,6.7,6.7,6.7,343800,0,0,
767,2017-08-18,6.6,6.9,6.51,6.85,6.85,840600,0,0,0.9870317002881843
768,2017-08-17,6.8,6.94,6.64,6.65,6.65,591400,0,0,
769,2017-08-16,6.92,7.08,6.79,6.84,6.84,490100,0,0,
770,2017-08-15,6.97,7.07,6.87,6.94,6.94,605800,0,0,1.0175953079178885
771,2017-08-14,6.85,7.1,6.82,6.96,6.96,591900,0,0,
772,2017-08-11,6.65,6.84,6.6,6.82,6.82,614900,0,0,0.9673758865248228
773,2017-08-10,6.8,6.86,6.52,6.69,6.69,1469300,0,0,
774,2017-08-09,6.95,6.96,6.75,6.84,6.84,1254100,0,0,
775,2017-08-08,6.9,7.3,6.5,7.05,7.05,2944500,0,0,0.9697386519944979
776,2017-08-07,7.25,7.48,7.24,7.42,7.42,1052200,0,0,
777,2017-08-04,7.28,7.37,7.22,7.27,7.27,578500,0,0,0.9771505376344085
778,2017-08-03,7.25,7.39,7.2,7.24,7.24,745100,0,0,
779,2017-08-02,7.4,7.4,6.95,7.19,7.19,962100,0,0,
780,2017-08-01,7.53,7.55,7.36,7.44,7.44,629800,0,0,0.9946524064171123
781,2017-07-31,7.46,7.56,7.29,7.53,7.53,780300,0,0,
782,2017-07-28,7.42,7.5,7.3,7.48,7.48,1014700,0,0,1.017687074829932
783,2017-07-27,7.3,7.54,7.26,7.37,7.37,1294100,0,0,
784,2017-07-26,7.35,7.48,7.25,7.3,7.3,819300,0,0,
785,2017-07-25,7.59,7.64,7.35,7.35,7.35,1002600,0,0,1.008230452674897
786,2017-07-24,7.35,7.59,7.32,7.56,7.56,1374800,0,0,
787,2017-07-21,7.28,7.34,7.14,7.29,7.29,792800,0,0,1.0210084033613447
788,2017-07-20,7.31,7.32,7.14,7.25,7.25,709000,0,0,
789,2017-07-19,7.14,7.3,7.14,7.27,7.27,988000,0,0,
790,2017-07-18,7.0,7.2,6.89,7.14,7.14,1127300,0,0,1.00990099009901
791,2017-07-17,7.05,7.14,6.98,7.01,7.01,466400,0,0,
792,2017-07-14,7.0,7.16,6.99,7.07,7.07,835500,0,0,1.0291120815138282
793,2017-07-13,7.08,7.18,6.95,6.99,6.99,1023200,0,0,
794,2017-07-12,6.91,7.07,6.86,7.06,7.06,1113100,0,0,
795,2017-07-11,6.9,6.99,6.83,6.87,6.87,831100,0,0,1.011782032400589
796,2017-07-10,6.81,7.0,6.81,6.89,6.89,727900,0,0,
797,2017-07-07,6.73,6.83,6.65,6.79,6.79,777100,0,0,0.9378453038674033
798,2017-07-06,6.77,7.0,6.61,6.75,6.75,752300,0,0,
799,2017-07-05,7.21,7.24,6.5,6.8,6.8,1860400,0,0,
800,2017-07-03,7.12,7.3,7.06,7.24,7.24,834800,0,0,1.0168539325842696
801,2017-06-30,7.27,7.35,7.07,7.12,7.12,1663700,0,0,1.0333817126269957
802,2017-06-29,7.12,7.32,7.09,7.27,7.27,1898100,0,0,
803,2017-06-28,6.96,7.22,6.86,7.1,7.1,1891500,0,0,
804,2017-06-27,6.79,7.0,6.77,6.89,6.89,1456800,0,0,1.0207407407407407
805,2017-06-26,6.76,7.0,6.74,6.83,6.83,1734700,0,0,
806,2017-06-23,6.61,6.78,6.5,6.75,6.75,4004100,0,0,1.0613207547169812
807,2017-06-22,6.54,6.71,6.47,6.65,6.65,2013800,0,0,
808,2017-06-21,6.26,6.59,6.19,6.52,6.52,2486100,0,0,
809,2017-06-20,5.99,6.5,5.93,6.36,6.36,3838900,0,0,1.10801393728223
810,2017-06-19,5.76,5.91,5.7,5.85,5.85,971200,0,0,
811,2017-06-16,5.48,5.75,5.47,5.74,5.74,1494600,0,0,1.0474452554744524
812,2017-06-15,5.38,5.59,5.38,5.52,5.52,626600,0,0,
813,2017-06-14,5.5,5.52,5.34,5.49,5.49,628000,0,0,
814,2017-06-13,5.46,5.55,5.43,5.48,5.48,811100,0,0,1.0129390018484288
815,2017-06-12,5.4,5.56,5.33,5.44,5.44,827400,0,0,
816,2017-06-09,5.36,5.5,5.34,5.41,5.41,1038000,0,0,1.0776892430278886
817,2017-06-08,4.93,5.4,4.89,5.34,5.34,2161000,0,0,
818,2017-06-07,5.02,5.06,4.86,4.93,4.93,983900,0,0,
819,2017-06-06,4.95,5.1,4.91,5.02,5.02,899200,0,0,0.9804687499999999
820,2017-06-05,5.1,5.13,4.96,5.0,5.0,553500,0,0,
821,2017-06-02,5.15,5.23,5.12,5.12,5.12,705300,0,0,1.0199203187250998
822,2017-06-01,5.05,5.17,4.99,5.13,5.13,979800,0,0,
823,2017-05-31,5.01,5.11,4.87,5.04,5.04,1053000,0,0,
824,2017-05-30,4.97,5.09,4.85,5.02,5.02,1406100,0,0,1.0161943319838056
825,2017-05-26,4.89,4.99,4.88,4.94,4.94,716800,0,0,1.0102249488752557
826,2017-05-25,4.95,4.97,4.8,4.91,4.91,1251300,0,0,
827,2017-05-24,4.89,5.03,4.85,4.92,4.92,968200,0,0,
828,2017-05-23,4.91,5.01,4.79,4.89,4.89,975700,0,0,0.9683168316831683
829,2017-05-22,4.88,5.0,4.83,4.9,4.9,1180300,0,0,
830,2017-05-19,4.91,5.1,4.88,5.05,5.05,1201000,0,0,1.030612244897959
831,2017-05-18,4.79,4.91,4.73,4.9,4.9,773200,0,0,
832,2017-05-17,4.81,4.92,4.76,4.81,4.81,1032400,0,0,
833,2017-05-16,4.9,4.96,4.84,4.9,4.9,653700,0,0,1.0061601642710474
834,2017-05-15,4.91,5.08,4.87,4.91,4.91,857200,0,0,
835,2017-05-12,4.96,5.01,4.81,4.87,4.87,1104900,0,0,0.9938775510204081
836,2017-05-11,5.12,5.21,4.86,5.0,5.0,1871800,0,0,
837,2017-05-10,4.88,5.15,4.85,5.09,5.09,1416700,0,0,
838,2017-05-09,4.92,4.96,4.84,4.9,4.9,754800,0,0,1.008230452674897
839,2017-05-08,4.81,4.95,4.81,4.92,4.92,657100,0,0,
840,2017-05-05,4.64,4.88,4.6,4.86,4.86,1158200,0,0,0.9328214971209213
841,2017-05-04,5.0,5.03,4.59,4.71,4.71,1941100,0,0,
842,2017-05-03,5.15,5.21,4.72,4.75,4.75,3389000,0,0,
843,2017-05-02,5.36,5.43,5.19,5.21,5.21,920800,0,0,0.9848771266540642
844,2017-05-01,5.28,5.39,5.22,5.38,5.38,854700,0,0,
845,2017-04-28,5.34,5.39,5.26,5.29,5.29,482200,0,0,0.9760147601476015
846,2017-04-27,5.31,5.39,5.17,5.33,5.33,784300,0,0,
847,2017-04-26,5.41,5.49,5.31,5.32,5.32,725100,0,0,
848,2017-04-25,5.33,5.48,5.26,5.42,5.42,1238400,0,0,1.05859375
849,2017-04-24,5.21,5.31,5.15,5.27,5.27,748500,0,0,
850,2017-04-21,5.11,5.18,5.08,5.12,5.12,558200,0,0,0.9865125240847784
851,2017-04-20,5.18,5.26,5.11,5.12,5.12,523500,0,0,
852,2017-04-19,5.2,5.39,5.12,5.16,5.16,845200,0,0,
853,2017-04-18,5.25,5.25,5.07,5.19,5.19,1132300,0,0,0.9923518164435946
854,2017-04-17,5.24,5.33,5.2,5.3,5.3,670600,0,0,
855,2017-04-13,5.32,5.39,5.18,5.23,5.23,712000,0,0,0.9440433212996391
856,2017-04-12,5.44,5.47,5.3,5.33,5.33,812400,0,0,
857,2017-04-11,5.6,5.61,5.28,5.46,5.46,1145200,0,0,
858,2017-04-10,5.31,5.62,5.21,5.54,5.54,1241400,0,0,1.0374531835205993
859,2017-04-07,5.16,5.34,5.04,5.34,5.34,824000,0,0,1.0229885057471264
860,2017-04-06,5.02,5.18,4.95,5.18,5.18,976800,0,0,
861,2017-04-05,5.27,5.34,5.01,5.03,5.03,784700,0,0,
862,2017-04-04,5.25,5.3,5.18,5.22,5.22,971000,0,0,0.9666666666666666
863,2017-04-03,5.37,5.37,5.17,5.28,5.28,855600,0,0,
864,2017-03-31,5.23,5.43,5.23,5.4,5.4,1252100,0,0,1.062992125984252
865,2017-03-30,5.27,5.3,5.15,5.22,5.22,737800,0,0,
866,2017-03-29,5.06,5.3,5.04,5.26,5.26,747900,0,0,
867,2017-03-28,4.91,5.09,4.91,5.08,5.08,817100,0,0,1.034623217922607
868,2017-03-27,4.88,4.98,4.86,4.94,4.94,811200,0,0,
869,2017-03-24,4.85,4.99,4.82,4.91,4.91,937400,0,0,1.0229166666666667
870,2017-03-23,4.98,5.04,4.82,4.84,4.84,882400,0,0,
871,2017-03-22,5.05,5.1,4.85,4.98,4.98,1730800,0,0,
872,2017-03-21,4.92,4.99,4.8,4.8,4.8,963300,0,0,0.9696969696969696
873,2017-03-20,4.93,4.95,4.82,4.9,4.9,885300,0,0,
874,2017-03-17,5.1,5.11,4.92,4.95,4.95,1597000,0,0,1.012269938650307
875,2017-03-16,5.01,5.18,4.98,5.1,5.1,1019600,0,0,
876,2017-03-15,4.9,5.01,4.85,5.0,5.0,892200,0,0,
877,2017-03-14,4.93,4.95,4.79,4.89,4.89,1145200,0,0,0.9664031620553359
878,2017-03-13,5.06,5.07,4.92,4.96,4.96,1408300,0,0,
879,2017-03-10,5.3,5.3,5.04,5.06,5.06,1860700,0,0,0.9601518026565465
880,2017-03-09,5.02,5.49,5.0,5.24,5.24,3285500,0,0,
881,2017-03-08,5.4,5.47,5.16,5.24,5.24,2574500,0,0,
882,2017-03-07,5.3,5.35,5.19,5.27,5.27,1360000,0,0,0.9741219963031422
883,2017-03-06,5.41,5.41,5.21,5.25,5.25,1394400,0,0,
884,2017-03-03,5.5,5.63,5.4,5.41,5.41,1000100,0,0,0.9507908611599296
885,2017-03-02,5.6,5.7,5.45,5.48,5.48,1023100,0,0,
886,2017-03-01,5.75,5.8,5.51,5.62,5.62,1451000,0,0,
887,2017-02-28,5.9,5.92,5.67,5.69,5.69,761300,0,0,0.9726495726495727
888,2017-02-27,5.85,5.95,5.81,5.92,5.92,1003600,0,0,
889,2017-02-24,5.85,5.95,5.81,5.85,5.85,559900,0,0,0.9717607973421927
890,2017-02-23,5.84,5.98,5.81,5.91,5.91,754200,0,0,
891,2017-02-22,6.0,6.0,5.72,5.83,5.83,1211600,0,0,
892,2017-02-21,6.0,6.14,5.93,6.02,6.02,1624400,0,0,1.0100671140939597
893,2017-02-17,6.05,6.06,5.85,5.96,5.96,1318600,0,0,0.9867549668874173
894,2017-02-16,6.15,6.15,5.93,6.04,6.04,841300,0,0,
895,2017-02-15,6.02,6.18,5.96,6.17,6.17,907500,0,0,
896,2017-02-14,6.04,6.06,5.9,6.04,6.04,843900,0,0,1.008347245409015
897,2017-02-13,6.03,6.15,6.01,6.06,6.06,627100,0,0,
898,2017-02-10,5.79,6.08,5.75,5.99,5.99,1384800,0,0,1.071556350626118
899,2017-02-09,5.76,5.78,5.7,5.73,5.73,621900,0,0,
900,2017-02-08,5.57,5.79,5.53,5.74,5.74,739200,0,0,
901,2017-02-07,5.57,5.63,5.5,5.59,5.59,333700,0,0,0.9876325088339222
902,2017-02-06,5.61,5.61,5.48,5.57,5.57,479400,0,0,
903,2017-02-03,5.52,5.66,5.5,5.66,5.66,712100,0,0,1.0699432892249527
904,2017-02-02,5.53,5.59,5.45,5.51,5.51,582800,0,0,
905,2017-02-01,5.26,5.58,5.26,5.57,5.57,954300,0,0,
906,2017-01-31,5.22,5.3,5.11,5.29,5.29,907900,0,0,0.9531531531531532
907,2017-01-30,5.51,5.52,5.21,5.25,5.25,1095000,0,0,
908,2017-01-27,5.72,5.78,5.5,5.55,5.55,994600,0,0,0.9823008849557521
909,2017-01-26,5.77,5.88,5.65,5.7,5.7,504100,0,0,
910,2017-01-25,5.7,5.88,5.7,5.75,5.75,768000,0,0,
911,2017-01-24,5.6,5.7,5.5,5.65,5.65,628300,0,0,0.9608843537414967
912,2017-01-23,5.88,5.88,5.5,5.59,5.59,1198200,0,0,
913,2017-01-20,5.81,5.89,5.75,5.88,5.88,447100,0,0,0.9545454545454545
914,2017-01-19,6.12,6.17,5.78,5.81,5.81,1376900,0,0,
915,2017-01-18,6.16,6.25,6.08,6.1,6.1,646400,0,0,
916,2017-01-17,6.22,6.36,6.14,6.16,6.16,877600,0,0,0.9856
917,2017-01-13,6.18,6.37,6.15,6.25,6.25,943600,0,0,1.0416666666666667
918,2017-01-12,6.35,6.35,6.04,6.17,6.17,1160200,0,0,
919,2017-01-11,6.01,6.5,5.93,6.4,6.4,2407500,0,0,
920,2017-01-10,5.86,6.01,5.74,6.0,6.0,1072700,0,0,1.0344827586206897
921,2017-01-09,5.77,5.85,5.62,5.67,5.67,717100,0,0,
922,2017-01-06,5.82,5.88,5.64,5.8,5.8,542200,0,0,1.037567084078712
923,2017-01-05,5.82,5.85,5.71,5.81,5.81,771900,0,0,
924,2017-01-04,5.6,5.85,5.57,5.82,5.82,1506000,0,0,
925,2017-01-03,5.39,5.6,5.36,5.59,5.59,1091200,0,0,1.0527306967984935
926,2016-12-30,5.31,5.36,5.25,5.31,5.31,700200,0,0,0.9465240641711229
927,2016-12-29,5.43,5.58,5.31,5.33,5.33,958500,0,0,
928,2016-12-28,5.64,5.68,5.38,5.44,5.44,1035400,0,0,
929,2016-12-27,5.23,5.62,5.2,5.61,5.61,1091100,0,0,1.0726577437858509
930,2016-12-23,5.41,5.42,5.22,5.23,5.23,996500,0,0,0.9423423423423425
931,2016-12-22,5.54,5.54,5.35,5.44,5.44,549600,0,0,
932,2016-12-21,5.56,5.74,5.5,5.53,5.53,748400,0,0,
933,2016-12-20,5.8,5.89,5.47,5.55,5.55,951200,0,0,0.9928443649373881
934,2016-12-19,5.58,5.84,5.52,5.8,5.8,874500,0,0,
935,2016-12-16,5.35,5.62,5.33,5.59,5.59,1319500,0,0,1.0409683426443201
936,2016-12-15,5.23,5.39,5.19,5.32,5.32,602300,0,0,
937,2016-12-14,5.39,5.41,5.17,5.24,5.24,1011800,0,0,
938,2016-12-13,5.69,5.7,5.25,5.37,5.37,1717500,0,0,0.917948717948718
939,2016-12-12,5.87,5.95,5.61,5.65,5.65,1647900,0,0,
940,2016-12-09,5.69,5.86,5.65,5.85,5.85,1345900,0,0,1.0714285714285714
941,2016-12-08,5.62,5.79,5.58,5.65,5.65,1523100,0,0,
942,2016-12-07,5.47,5.7,5.43,5.58,5.58,1628000,0,0,
943,2016-12-06,5.33,5.47,5.24,5.46,5.46,984700,0,0,1.0726915520628684
944,2016-12-05,5.1,5.33,5.08,5.32,5.32,1359000,0,0,
945,2016-12-02,5.05,5.12,4.95,5.09,5.09,1256000,0,0,1.0200400801603207
946,2016-12-01,5.13,5.23,4.89,5.0,5.0,1059900,0,0,
947,2016-11-30,5.09,5.29,5.06,5.1,5.1,1020900,0,0,
948,2016-11-29,5.38,5.45,4.96,4.99,4.99,1661000,0,0,0.9344569288389514
949,2016-11-28,5.41,5.6,5.3,5.38,5.38,1473300,0,0,
950,2016-11-25,5.33,5.42,5.18,5.34,5.34,650200,0,0,1.0574257425742575
951,2016-11-23,5.02,5.3,4.98,5.28,5.28,1293500,0,0,
952,2016-11-22,5.02,5.18,4.89,5.05,5.05,1815700,0,0,1.0140562248995983
953,2016-11-21,5.06,5.1,4.76,4.82,4.82,1478300,0,0,
954,2016-11-18,4.83,5.02,4.83,4.98,4.98,1175600,0,0,1.014256619144603
955,2016-11-17,4.82,4.85,4.71,4.8,4.8,987100,0,0,
956,2016-11-16,4.84,4.86,4.71,4.85,4.85,1205800,0,0,
957,2016-11-15,5.01,5.08,4.76,4.91,4.91,1608300,0,0,0.9608610567514677
958,2016-11-14,5.12,5.19,4.93,4.98,4.98,1926100,0,0,
959,2016-11-11,5.21,5.5,4.96,5.11,5.11,4071400,0,0,1.0240480961923848
960,2016-11-10,4.49,4.78,4.44,4.71,4.71,1542700,0,0,
961,2016-11-09,4.18,4.85,4.15,4.79,4.79,2527600,0,0,
962,2016-11-08,5.02,5.09,4.88,4.99,4.99,1420800,0,0,1.059447983014862
963,2016-11-07,4.93,5.04,4.86,4.92,4.92,1454600,0,0,
964,2016-11-04,4.64,4.9,4.61,4.71,4.71,1793200,0,0,0.9691358024691358
965,2016-11-03,4.84,4.84,4.57,4.65,4.65,1738500,0,0,
966,2016-11-02,4.87,4.91,4.59,4.63,4.63,1768500,0,0,
967,2016-11-01,5.2,5.3,4.85,4.86,4.86,2180500,0,0,0.9382239382239383
968,2016-10-31,5.18,5.3,5.03,5.21,5.21,1421300,0,0,
969,2016-10-28,5.36,5.53,5.12,5.18,5.18,1056600,0,0,0.866220735785953
970,2016-10-27,5.65,5.71,5.35,5.37,5.37,1623200,0,0,
971,2016-10-26,5.95,6.0,5.53,5.53,5.53,2002600,0,0,
972,2016-10-25,6.07,6.15,5.96,5.98,5.98,804400,0,0,0.9537480063795855
973,2016-10-24,6.29,6.34,6.01,6.08,6.08,1243000,0,0,
974,2016-10-21,6.62,6.68,6.19,6.27,6.27,2502900,0,0,0.9601837672281776
975,2016-10-20,6.64,6.74,6.52,6.67,6.67,704900,0,0,
976,2016-10-19,6.57,6.78,6.51,6.65,6.65,743400,0,0,
977,2016-10-18,6.5,6.64,6.4,6.53,6.53,824100,0,0,1.0235109717868338
978,2016-10-17,6.36,6.55,6.33,6.42,6.42,908000,0,0,
979,2016-10-14,6.6,6.67,6.36,6.38,6.38,1378500,0,0,0.9088319088319089
980,2016-10-13,6.75,6.8,6.46,6.54,6.54,1602900,0,0,
981,2016-10-12,7.01,7.23,6.74,6.81,6.81,1415300,0,0,
982,2016-10-11,7.0,7.34,6.84,7.02,7.02,2300500,0,0,1.081664098613251
983,2016-10-10,6.55,7.09,6.51,6.91,6.91,2904400,0,0,
984,2016-10-07,6.47,6.75,6.26,6.49,6.49,4809600,0,0,1.0981387478849407
985,2016-10-06,6.35,6.4,6.06,6.12,6.12,687000,0,0,
986,2016-10-05,5.92,6.28,5.9,6.26,6.26,917600,0,0,
987,2016-10-04,6.21,6.24,5.9,5.91,5.91,1015300,0,0,0.9380952380952381
988,2016-10-03,6.31,6.38,6.05,6.17,6.17,994900,0,0,
989,2016-09-30,6.29,6.34,6.15,6.3,6.3,1731400,0,0,1.0227272727272727
990,2016-09-29,6.25,6.35,6.13,6.24,6.24,1023600,0,0,
991,2016-09-28,6.23,6.29,6.08,6.23,6.23,958700,0,0,
992,2016-09-27,6.01,6.16,5.99,6.16,6.16,1020800,0,0,1.0405405405405406
993,2016-09-26,5.92,6.1,5.86,6.03,6.03,982500,0,0,
994,2016-09-23,5.79,5.95,5.78,5.92,5.92,892100,0,0,1.0862385321100918
995,2016-09-22,5.6,5.75,5.52,5.75,5.75,996100,0,0,
996,2016-09-21,5.47,5.69,5.45,5.57,5.57,1109300,0,0,
997,2016-09-20,5.46,5.5,5.28,5.45,5.45,877600,0,0,1.013011152416357
998,2016-09-19,5.38,5.48,5.35,5.42,5.42,733300,0,0,
999,2016-09-16,5.47,5.57,5.25,5.38,5.38,2725000,0,0,0.950530035335689
1000,2016-09-15,5.56,5.63,5.41,5.52,5.52,1289100,0,0,
1001,2016-09-14,5.62,5.83,5.47,5.54,5.54,1521300,0,0,
1002,2016-09-13,6.02,6.02,5.54,5.66,5.66,1669800,0,0,0.9339933993399341
1003,2016-09-12,6.02,6.2,5.95,6.1,6.1,581400,0,0,
1004,2016-09-09,6.13,6.19,5.97,6.06,6.06,898300,0,0,0.9742765273311896
1005,2016-09-08,6.3,6.3,6.12,6.19,6.19,964500,0,0,
1006,2016-09-07,6.19,6.23,6.07,6.11,6.11,766500,0,0,
1007,2016-09-06,6.11,6.23,6.06,6.22,6.22,945400,0,0,1.0163398692810457
1008,2016-09-02,6.1,6.18,6.03,6.12,6.12,537300,0,0,1.0183028286189684
1009,2016-09-01,6.1,6.15,5.91,6.06,6.06,676400,0,0,
1010,2016-08-31,6.03,6.09,5.95,6.08,6.08,682800,0,0,
1011,2016-08-30,6.0,6.15,5.99,6.01,6.01,497400,0,0,1.0100840336134453
1012,2016-08-29,5.97,6.09,5.94,6.0,6.0,514100,0,0,
1013,2016-08-26,5.99,6.18,5.9,5.95,5.95,747400,0,0,0.9754098360655739
1014,2016-08-25,5.99,6.08,5.91,6.0,6.0,832900,0,0,
1015,2016-08-24,6.11,6.17,5.99,5.99,5.99,603300,0,0,
1016,2016-08-23,6.01,6.12,5.95,6.1,6.1,737100,0,0,1.0200668896321068
1017,2016-08-22,5.93,6.02,5.86,6.0,6.0,425200,0,0,
1018,2016-08-19,6.03,6.04,5.95,5.98,5.98,647500,0,0,0.9819376026272579
1019,2016-08-18,6.03,6.18,5.96,6.03,6.03,949200,0,0,
1020,2016-08-17,6.09,6.09,5.83,5.95,5.95,1185200,0,0,
1021,2016-08-16,6.2,6.2,5.91,6.09,6.09,1956600,0,0,0.9775280898876404
1022,2016-08-15,6.21,6.28,5.93,6.21,6.21,1978500,0,0,
1023,2016-08-12,6.39,6.9,5.98,6.23,6.23,7569100,0,0,1.1327272727272728
1024,2016-08-11,5.28,5.48,5.15,5.41,5.41,1751400,0,0,
1025,2016-08-10,5.46,5.47,5.19,5.22,5.22,887200,0,0,
1026,2016-08-09,5.57,5.69,5.45,5.5,5.5,663000,0,0,1.0597302504816954
1027,2016-08-08,5.23,5.58,5.23,5.56,5.56,1020300,0,0,
1028,2016-08-05,4.92,5.2,4.9,5.19,5.19,785800,0,0,1.038
1029,2016-08-04,4.95,5.03,4.9,4.96,4.96,855600,0,0,
1030,2016-08-03,4.98,5.07,4.92,4.94,4.94,815000,0,0,
1031,2016-08-02,5.1,5.15,4.97,5.0,5.0,801200,0,0,0.9652509652509653
1032,2016-08-01,5.18,5.18,5.0,5.07,5.07,1041600,0,0,
1033,2016-07-29,5.09,5.21,5.0,5.18,5.18,885200,0,0,1.0196850393700787
1034,2016-07-28,5.21,5.25,5.08,5.11,5.11,605400,0,0,
1035,2016-07-27,5.06,5.28,5.06,5.26,5.26,768600,0,0,
1036,2016-07-26,5.05,5.24,5.05,5.08,5.08,843700,0,0,0.9902534113060429
1037,2016-07-25,5.14,5.19,5.08,5.08,5.08,384400,0,0,
1038,2016-07-22,5.12,5.15,5.05,5.13,5.13,328200,0,0,0.9961165048543689
1039,2016-07-21,5.23,5.32,5.08,5.12,5.12,565600,0,0,
1040,2016-07-20,5.16,5.3,5.15,5.27,5.27,639700,0,0,
1041,2016-07-19,5.21,5.3,5.07,5.15,5.15,472800,0,0,1.0157790927021697
1042,2016-07-18,5.08,5.27,4.99,5.21,5.21,682800,0,0,
1043,2016-07-15,5.17,5.2,4.97,5.07,5.07,807700,0,0,0.9657142857142857
1044,2016-07-14,5.18,5.2,5.06,5.13,5.13,681800,0,0,
1045,2016-07-13,5.25,5.29,5.05,5.12,5.12,616700,0,0,
1046,2016-07-12,5.17,5.28,4.99,5.25,5.25,956800,0,0,1.0334645669291338
1047,2016-07-11,5.11,5.2,4.9,5.09,5.09,844600,0,0,
1048,2016-07-08,5.19,5.24,5.06,5.08,5.08,527600,0,0,0.9883268482490273
1049,2016-07-07,5.13,5.3,5.01,5.14,5.14,786200,0,0,
1050,2016-07-06,5.09,5.17,4.94,5.1,5.1,948500,0,0,
1051,2016-07-05,5.4,5.43,5.07,5.14,5.14,763500,0,0,0.9448529411764705
1052,2016-07-01,5.88,5.88,5.16,5.44,5.44,1900400,0,0,0.9908925318761385
1053,2016-06-30,5.65,5.95,5.62,5.93,5.93,717100,0,0,
1054,2016-06-29,5.54,5.67,5.43,5.65,5.65,708200,0,0,
1055,2016-06-28,5.28,5.5,5.24,5.49,5.49,869800,0,0,0.9821109123434706
1056,2016-06-27,5.53,5.59,5.11,5.22,5.22,1572400,0,0,
1057,2016-06-24,5.6,5.73,5.27,5.59,5.59,5804200,0,0,0.8972712680577848
1058,2016-06-23,5.88,6.06,5.72,5.89,5.89,1192000,0,0,
1059,2016-06-22,6.34,6.38,5.83,5.9,5.9,984300,0,0,
1060,2016-06-21,6.3,6.3,6.02,6.23,6.23,758700,0,0,1.0348837209302326
1061,2016-06-20,6.0,6.33,6.0,6.18,6.18,643400,0,0,
1062,2016-06-17,6.06,6.34,5.98,6.02,6.02,1084000,0,0,1.018612521150592
1063,2016-06-16,5.97,6.11,5.9,6.03,6.03,637500,0,0,
1064,2016-06-15,5.88,6.25,5.83,6.01,6.01,608200,0,0,
1065,2016-06-14,5.93,6.19,5.86,5.91,5.91,1169200,0,0,0.9380952380952381
1066,2016-06-13,6.26,6.41,5.91,6.06,6.06,1096300,0,0,
1067,2016-06-10,6.4,6.51,6.24,6.3,6.3,831100,0,0,0.9797822706065319
1068,2016-06-09,6.49,6.59,6.39,6.43,6.43,405900,0,0,
1069,2016-06-08,6.47,6.59,6.44,6.52,6.52,743800,0,0,
1070,2016-06-07,6.38,6.46,6.25,6.43,6.43,816700,0,0,1.059308072487644
1071,2016-06-06,6.1,6.53,6.1,6.44,6.44,775700,0,0,
1072,2016-06-03,6.3,6.31,6.02,6.07,6.07,568400,0,0,0.9574132492113565
1073,2016-06-02,6.23,6.31,6.15,6.31,6.31,388800,0,0,
1074,2016-06-01,6.29,6.29,6.15,6.24,6.24,580400,0,0,
1075,2016-05-31,6.37,6.6,6.22,6.34,6.34,1146900,0,0,0.9890795631825272
1076,2016-05-27,6.41,6.68,6.3,6.41,6.41,1339500,0,0,1.0110410094637226
1077,2016-05-26,6.3,6.44,6.26,6.36,6.36,386200,0,0,
1078,2016-05-25,6.34,6.37,6.23,6.29,6.29,863900,0,0,
1079,2016-05-24,6.39,6.49,6.22,6.34,6.34,668100,0,0,1.0376432078559736
1080,2016-05-23,6.06,6.45,6.0,6.35,6.35,930900,0,0,
1081,2016-05-20,6.07,6.15,5.98,6.11,6.11,795000,0,0,1.014950166112957
1082,2016-05-19,6.0,6.15,5.92,6.08,6.08,950900,0,0,
1083,2016-05-18,5.98,6.18,5.83,6.04,6.04,1458700,0,0,
1084,2016-05-17,6.1,6.34,5.8,6.02,6.02,3680400,0,0,0.9107413010590014
1085,2016-05-16,6.34,6.46,5.89,6.35,6.35,3101700,0,0,
1086,2016-05-13,7.17,7.17,6.4,6.61,6.61,3046200,0,0,1.0376766091051806
1087,2016-05-12,6.39,6.53,6.09,6.15,6.15,664400,0,0,
1088,2016-05-11,6.36,6.65,6.35,6.37,6.37,682500,0,0,
1089,2016-05-10,7.07,7.2,6.3,6.37,6.37,1710800,0,0,0.8493333333333334
1090,2016-05-09,7.52,7.55,7.16,7.39,7.39,611200,0,0,
1091,2016-05-06,7.25,7.54,7.19,7.5,7.5,498500,0,0,0.9881422924901186
1092,2016-05-05,7.52,7.77,7.21,7.27,7.27,1170100,0,0,
1093,2016-05-04,7.64,7.91,7.44,7.47,7.47,1051100,0,0,
1094,2016-05-03,7.93,8.08,7.53,7.59,7.59,580600,0,0,0.9631979695431472
1095,2016-05-02,7.83,8.08,7.49,7.97,7.97,1208100,0,0,
1096,2016-04-29,8.02,8.02,7.69,7.88,7.88,473300,0,0,1.0233766233766233
1097,2016-04-28,8.25,8.45,7.97,8.02,8.02,704900,0,0,
1098,2016-04-27,7.72,8.41,7.61,8.39,8.39,825600,0,0,
1099,2016-04-26,7.56,7.76,7.4,7.7,7.7,321400,0,0,0.9734513274336283
1100,2016-04-25,7.9,8.02,7.55,7.6,7.6,444900,0,0,
1101,2016-04-22,7.82,8.04,7.71,7.91,7.91,1106300,0,0,1.1267806267806268
1102,2016-04-21,7.3,7.9,7.26,7.76,7.76,984700,0,0,
1103,2016-04-20,6.99,7.38,6.96,7.27,7.27,668600,0,0,
1104,2016-04-19,7.15,7.23,6.99,7.02,7.02,1297200,0,0,0.9971590909090908
1105,2016-04-18,6.99,7.18,6.87,7.09,7.09,946100,0,0,
1106,2016-04-15,7.1,7.27,6.97,7.04,7.04,411600,0,0,1.0445103857566764
1107,2016-04-14,6.83,7.37,6.83,7.15,7.15,645400,0,0,
1108,2016-04-13,6.68,6.9,6.68,6.87,6.87,325900,0,0,
1109,2016-04-12,6.72,6.89,6.66,6.74,6.74,365500,0,0,0.9985185185185186
1110,2016-04-11,6.69,6.89,6.65,6.74,6.74,711700,0,0,
1111,2016-04-08,6.9,6.98,6.66,6.75,6.75,997700,0,0,1.0273972602739725
1112,2016-04-07,6.97,7.18,6.63,6.78,6.78,835000,0,0,
1113,2016-04-06,6.6,7.0,6.57,6.97,6.97,820300,0,0,
1114,2016-04-05,6.3,6.6,6.19,6.57,6.57,882600,0,0,1.0201863354037266
1115,2016-04-04,6.47,6.53,6.28,6.3,6.3,816300,0,0,
1116,2016-04-01,6.37,6.53,6.29,6.44,6.44,546700,0,0,1.00625
1117,2016-03-31,6.48,6.54,6.25,6.48,6.48,702400,0,0,
1118,2016-03-30,6.42,6.6,6.42,6.47,6.47,872000,0,0,
1119,2016-03-29,6.41,6.55,6.24,6.4,6.4,839500,0,0,1.0256410256410258
1120,2016-03-28,6.31,6.51,6.21,6.47,6.47,717800,0,0,
1121,2016-03-24,6.13,6.33,6.0,6.24,6.24,828300,0,0,0.9285714285714286
1122,2016-03-23,6.51,6.59,6.18,6.36,6.36,1044500,0,0,
1123,2016-03-22,6.73,6.77,6.5,6.57,6.57,729300,0,0,
1124,2016-03-21,6.89,6.89,6.54,6.72,6.72,647500,0,0,1.0044843049327354
1125,2016-03-18,6.99,7.08,6.62,6.69,6.69,3078600,0,0,1.0602218700475436
1126,2016-03-17,6.65,6.95,6.62,6.89,6.89,603800,0,0,
1127,2016-03-16,6.23,6.66,6.21,6.63,6.63,582700,0,0,
1128,2016-03-15,6.26,6.47,6.2,6.31,6.31,742200,0,0,0.992138364779874
1129,2016-03-14,6.38,6.79,6.15,6.36,6.36,1475100,0,0,
1130,2016-03-11,6.16,6.56,6.01,6.36,6.36,3284400,0,0,0.9520958083832336
1131,2016-03-10,6.87,7.24,6.7,7.15,7.15,1567600,0,0,
1132,2016-03-09,6.74,6.87,6.25,6.65,6.65,977900,0,0,
1133,2016-03-08,6.66,6.78,6.53,6.68,6.68,638500,0,0,1.075684380032206
1134,2016-03-07,6.22,6.84,6.2,6.6,6.6,1491100,0,0,
1135,2016-03-04,6.5,6.75,6.12,6.21,6.21,1447300,0,0,1.1352833638025595
1136,2016-03-03,6.04,6.6,6.0,6.4,6.4,1337900,0,0,
1137,2016-03-02,5.49,6.6,5.36,6.1,6.1,1695400,0,0,
1138,2016-03-01,5.67,5.85,5.13,5.47,5.47,1059400,0,0,0.9927404718693285
1139,2016-02-29,5.59,5.83,5.5,5.62,5.62,671200,0,0,
1140,2016-02-26,5.37,5.65,5.33,5.51,5.51,500200,0,0,1.067829457364341
1141,2016-02-25,5.08,5.47,5.08,5.3,5.3,463100,0,0,
1142,2016-02-24,5.09,5.26,4.9,5.06,5.06,644500,0,0,
1143,2016-02-23,5.08,5.27,4.97,5.16,5.16,694900,0,0,0.9537892791127541
1144,2016-02-22,5.5,5.69,5.03,5.06,5.06,634900,0,0,
1145,2016-02-19,5.57,5.72,5.22,5.41,5.41,954100,0,0,1.090725806451613
1146,2016-02-18,5.45,5.93,5.24,5.63,5.63,1167400,0,0,
1147,2016-02-17,5.04,5.97,5.02,5.33,5.33,1618400,0,0,
1148,2016-02-16,5.06,5.72,4.86,4.96,4.96,1485500,0,0,0.9841269841269841
1149,2016-02-12,5.31,5.52,5.0,5.04,5.04,1302000,0,0,0.7
1150,2016-02-11,5.6,5.82,4.99,5.08,5.08,1419200,0,0,
1151,2016-02-10,6.38,6.79,5.92,6.07,6.07,2068300,0,0,
1152,2016-02-09,7.51,7.58,6.87,7.2,7.2,658700,0,0,0.9045226130653267
1153,2016-02-08,7.87,7.94,7.37,7.6,7.6,538400,0,0,
1154,2016-02-05,8.05,8.14,7.77,7.96,7.96,600100,0,0,0.9544364508393286
1155,2016-02-04,8.2,8.3,7.82,8.05,8.05,520000,0,0,
1156,2016-02-03,8.44,8.57,7.83,8.1,8.1,435200,0,0,
1157,2016-02-02,8.83,8.83,8.16,8.34,8.34,534000,0,0,0.8760504201680672
1158,2016-02-01,9.62,9.62,8.63,8.94,8.94,776800,0,0,
1159,2016-01-29,10.15,10.17,9.4,9.52,9.52,859800,0,0,1.09049255441008
1160,2016-01-28,8.43,10.19,8.43,10.05,10.05,1066300,0,0,
1161,2016-01-27,8.65,8.73,8.22,8.34,8.34,579400,0,0,
1162,2016-01-26,8.48,9.08,8.2,8.73,8.73,712900,0,0,0.9931740614334472
1163,2016-01-25,8.78,8.85,8.14,8.41,8.41,600000,0,0,
1164,2016-01-22,9.37,9.7,8.53,8.79,8.79,1037100,0,0,1.1878378378378376
1165,2016-01-21,8.62,9.07,8.45,8.97,8.97,1195800,0,0,
1166,2016-01-20,7.25,9.2,6.94,8.54,8.54,1686000,0,0,
1167,2016-01-19,7.83,7.89,7.3,7.4,7.4,743500,0,0,0.9548387096774194
1168,2016-01-15,7.75,7.9,7.26,7.75,7.75,903100,0,0,0.8938869665513264
1169,2016-01-14,8.08,8.55,7.78,8.0,8.0,1156400,0,0,
1170,2016-01-13,8.6,8.76,8.03,8.25,8.25,796500,0,0,
1171,2016-01-12,9.35,9.5,8.4,8.67,8.67,598600,0,0,0.8892307692307693
1172,2016-01-11,9.65,9.7,9.08,9.31,9.31,577600,0,0,
1173,2016-01-08,9.35,9.95,9.25,9.75,9.75,552500,0,0,1.0145681581685744
1174,2016-01-07,9.8,9.97,9.16,9.21,9.21,1694700,0,0,
1175,2016-01-06,9.27,10.38,9.08,10.2,10.2,3534100,0,0,
1176,2016-01-05,10.88,11.0,9.42,9.61,9.61,1947000,0,0,0.816482582837723
1177,2016-01-04,11.27,11.49,11.08,11.21,11.21,576800,0,0,
1178,2015-12-31,11.76,11.95,11.64,11.77,11.77,319100,0,0,1.0085689802913453
1179,2015-12-30,11.65,12.07,11.45,11.72,11.72,317100,0,0,
1180,2015-12-29,11.79,12.05,11.07,11.7,11.7,626600,0,0,
1181,2015-12-28,12.11,12.38,11.6,11.67,11.67,637500,0,0,0.9573420836751436
1182,2015-12-24,11.69,12.47,11.6,12.19,12.19,385000,0,0,0.9097014925373134
1183,2015-12-23,11.95,12.36,11.55,11.88,11.88,1104200,0,0,
1184,2015-12-22,13.45,13.65,11.41,11.6,11.6,2507000,0,0,
1185,2015-12-21,14.15,14.95,13.13,13.4,13.4,3150800,0,0,0.975254730713246
1186,2015-12-18,12.45,13.95,11.95,13.74,13.74,3045300,0,0,1.4478398314014753
1187,2015-12-17,12.85,13.3,11.79,12.71,12.71,3608200,0,0,
1188,2015-12-16,11.17,12.17,10.89,11.63,11.63,3501200,0,0,
1189,2015-12-15,9.26,11.29,9.16,9.49,9.49,2054200,0,0,1.2073791348600509
1190,2015-12-14,7.95,9.38,7.83,9.1,9.1,940800,0,0,
1191,2015-12-11,7.46,8.02,7.46,7.86,7.86,450900,0,0,1.0115830115830118
1192,2015-12-10,7.6,7.83,7.56,7.57,7.57,364800,0,0,
1193,2015-12-09,7.79,8.03,7.55,7.71,7.71,333600,0,0,
1194,2015-12-08,8.11,8.11,7.62,7.77,7.77,388900,0,0,0.9898089171974522
1195,2015-12-07,7.79,8.37,7.74,7.91,7.91,439800,0,0,
1196,2015-12-04,7.95,8.03,7.66,7.85,7.85,436100,0,0,1.1134751773049645
1197,2015-12-03,7.52,8.35,7.52,7.95,7.95,1041500,0,0,
1198,2015-12-02,7.05,7.46,6.91,7.39,7.39,620900,0,0,
1199,2015-12-01,6.7,7.14,6.53,7.05,7.05,351600,0,0,0.9764542936288089
1200,2015-11-30,7.23,7.28,6.61,6.65,6.65,557300,0,0,
1201,2015-11-27,6.81,7.41,6.81,7.22,7.22,445700,0,0,1.0712166172106825
1202,2015-11-25,6.7,6.84,6.6,6.75,6.75,476000,0,0,
1203,2015-11-24,6.59,6.82,6.59,6.74,6.74,476400,0,0,1.0104947526236883
1204,2015-11-23,6.62,6.96,6.56,6.6,6.6,384600,0,0,
1205,2015-11-20,6.59,6.74,6.51,6.67,6.67,366600,0,0,0.9925595238095238
1206,2015-11-19,6.51,6.78,6.45,6.5,6.5,363900,0,0,
1207,2015-11-18,6.8,7.01,6.36,6.55,6.55,561600,0,0,
1208,2015-11-17,7.04,7.25,6.51,6.72,6.72,1087700,0,0,0.9192886456908345
1209,2015-11-16,7.4,7.4,6.84,7.0,7.0,624100,0,0,
1210,2015-11-13,6.39,7.93,6.39,7.31,7.31,989200,0,0,1.0055020632737277
1211,2015-11-12,6.99,6.99,6.36,6.58,6.58,505400,0,0,
1212,2015-11-11,7.24,7.45,6.87,6.99,6.99,536300,0,0,
1213,2015-11-10,7.67,7.93,7.25,7.27,7.27,394700,0,0,0.9296675191815856
1214,2015-11-09,8.29,8.29,7.55,7.73,7.73,199000,0,0,
1215,2015-11-06,8.02,8.1,7.57,7.82,7.82,293600,0,0,1.0398936170212767
1216,2015-11-05,7.8,8.11,7.72,8.07,8.07,307600,0,0,
1217,2015-11-04,7.68,7.92,7.5,7.71,7.71,754300,0,0,
1218,2015-11-03,7.37,7.7,7.19,7.52,7.52,851700,0,0,1.0148448043184886
1219,2015-11-02,7.37,7.58,7.11,7.36,7.36,603200,0,0,
1220,2015-10-30,8.81,8.83,7.0,7.41,7.41,2015100,0,0,0.8196902654867257
1221,2015-10-29,9.22,9.39,8.88,8.91,8.91,214300,0,0,
1222,2015-10-28,9.05,9.44,9.05,9.42,9.42,208100,0,0,
1223,2015-10-27,9.13,9.4,8.89,9.04,9.04,260300,0,0,0.9955947136563875
1224,2015-10-26,9.03,9.23,8.9,9.21,9.21,168800,0,0,
1225,2015-10-23,8.84,9.34,8.83,9.08,9.08,398500,0,0,0.9557894736842105
1226,2015-10-22,9.03,9.19,8.81,8.9,8.9,605400,0,0,
1227,2015-10-21,9.5,9.57,8.52,8.94,8.94,597300,0,0,
1228,2015-10-20,9.81,9.85,9.48,9.5,9.5,219400,0,0,0.9187620889748549
1229,2015-10-19,10.28,10.34,9.65,9.81,9.81,338400,0,0,
1230,2015-10-16,10.68,10.7,10.31,10.34,10.34,157900,0,0,0.9672591206735267
1231,2015-10-15,10.85,11.0,10.36,10.6,10.6,265800,0,0,
1232,2015-10-14,10.65,10.96,10.54,10.74,10.74,196300,0,0,
1233,2015-10-13,10.67,10.93,10.58,10.69,10.69,156700,0,0,0.9493783303730018
1234,2015-10-12,11.31,11.31,10.75,10.78,10.78,144300,0,0,
1235,2015-10-09,11.42,11.6,11.22,11.26,11.26,183600,0,0,1.0190045248868778
1236,2015-10-08,11.29,11.41,11.0,11.39,11.39,137900,0,0,
1237,2015-10-07,11.08,11.47,10.57,11.19,11.19,448100,0,0,
1238,2015-10-06,10.65,11.23,10.64,11.05,11.05,337200,0,0,1.0513796384395815
1239,2015-10-05,10.71,10.97,10.51,10.66,10.66,290300,0,0,
1240,2015-10-02,10.13,10.69,9.94,10.51,10.51,288300,0,0,1.0713557594291538
1241,2015-10-01,10.38,11.08,9.98,10.3,10.3,491900,0,0,
1242,2015-09-30,9.9,10.74,9.71,10.37,10.37,3454500,0,0,
1243,2015-09-29,10.14,10.43,9.53,9.81,9.81,1040800,0,0,0.8814016172506738
1244,2015-09-28,11.04,11.34,10.01,10.06,10.06,590300,0,0,
1245,2015-09-25,10.88,11.32,10.79,11.13,11.13,351600,0,0,0.9771729587357331
1246,2015-09-24,10.88,11.0,10.74,10.81,10.81,268600,0,0,
1247,2015-09-23,11.75,11.75,10.97,11.01,11.01,287000,0,0,
1248,2015-09-22,11.6,11.9,11.25,11.39,11.39,432000,0,0,0.9835924006908463
1249,2015-09-21,11.69,11.9,11.33,11.74,11.74,299600,0,0,
1250,2015-09-18,11.3,11.9,11.11,11.58,11.58,1343300,0,0,1.0078328981723237
1251,2015-09-17,11.24,11.64,11.24,11.4,11.4,314400,0,0,
1252,2015-09-16,11.4,11.5,11.0,11.31,11.31,323100,0,0,
1253,2015-09-15,11.18,11.49,11.0,11.49,11.49,346700,0,0,0.9991304347826088
1254,2015-09-14,11.41,11.51,10.94,11.25,11.25,405500,0,0,
1255,2015-09-11,11.5,11.69,11.25,11.5,11.5,427300,0,0,0.9956709956709956
1256,2015-09-10,11.44,11.87,11.44,11.69,11.69,368600,0,0,
1257,2015-09-09,11.75,11.9,11.15,11.39,11.39,334800,0,0,
1258,2015-09-08,12.0,12.0,10.91,11.55,11.55,709000,0,0,0.9991349480968859
1259,2015-09-04,11.56,11.63,11.03,11.56,11.56,171500,0,0,0.9747048903878585
1260,2015-09-03,11.48,11.9,11.1,11.64,11.64,219800,0,0,
1261,2015-09-02,12.0,12.15,10.5,11.59,11.59,510100,0,0,
1262,2015-09-01,11.49,12.0,11.25,11.86,11.86,745700,0,0,1.0206540447504304
1263,2015-08-31,11.86,12.24,11.4,11.88,11.88,617300,0,0,
1264,2015-08-28,11.18,11.85,10.95,11.62,11.62,450500,0,0,1.1737373737373735
1265,2015-08-27,10.91,11.14,10.83,11.0,11.0,569400,0,0,
1266,2015-08-26,10.03,10.8,9.99,10.78,10.78,791000,0,0,
1267,2015-08-25,9.68,10.21,9.65,9.9,9.9,834000,0,0,1.0
1268,2015-08-24,9.39,9.39,8.5,9.16,9.16,1052300,0,0,
1269,2015-08-21,10.2,10.56,9.81,9.9,9.9,394900,0,0,0.966796875
1270,2015-08-20,10.55,10.74,10.0,10.52,10.52,321400,0,0,
1271,2015-08-19,10.3,11.03,10.17,10.73,10.73,573000,0,0,
1272,2015-08-18,10.0,10.34,10.0,10.24,10.24,277700,0,0,1.0199203187250998
1273,2015-08-17,10.04,10.26,9.96,10.13,10.13,346000,0,0,
1274,2015-08-14,10.01,10.17,9.73,10.04,10.04,410600,0,0,1.0255362614913177
1275,2015-08-13,10.07,10.34,10.05,10.12,10.12,397500,0,0,
1276,2015-08-12,9.68,10.4,9.65,10.35,10.35,498200,0,0,
1277,2015-08-11,10.0,10.03,9.5,9.79,9.79,349700,0,0,0.9654832347140038
1278,2015-08-10,10.73,10.73,10.0,10.12,10.12,435900,0,0,
1279,2015-08-07,9.19,10.2,8.77,10.14,10.14,1623800,0,0,
1280,2015-08-06,11.0,11.2,8.23,8.77,8.77,3570400,0,0,
1281,2015-08-05,13.06,13.31,10.4,10.77,10.77,14096900,0,0,
